url,city_name
https://farm6.staticflickr.com/5133/13964534385_5cd23c36d5.jpg,New York
https://farm4.staticflickr.com/3185/2554649058_c4a19832f9.jpg,New York
https://farm8.staticflickr.com/7513/15596876307_f70d1a583f.jpg,New York
https://farm8.staticflickr.com/7301/10499883195_17d0d63409_h.jpg,New York
https://farm6.staticflickr.com/5614/15584262126_f045280135.jpg,New York
https://farm4.staticflickr.com/3883/14998404057_68d289da10_h.jpg,New York
https://farm8.staticflickr.com/7170/6766625523_1112d6c6a9.jpg,New York
https://farm8.staticflickr.com/7137/13941451206_85cbb6be4b.jpg,New York
https://farm3.staticflickr.com/2945/15174753880_6e47e7e4db.jpg,New York
https://farm6.staticflickr.com/5337/13930985884_acc447957e.jpg,New York
https://farm3.staticflickr.com/2897/14038501666_53daab8dc6.jpg,New York
https://farm4.staticflickr.com/3434/3385973154_8a9ef54f5b.jpg,Los Angeles
https://farm4.staticflickr.com/3044/2805475704_9a03215453.jpg,Los Angeles
https://farm4.staticflickr.com/3496/3209358516_de655c513a_z.jpg?zz=1,Los Angeles
https://farm2.staticflickr.com/1088/1345620202_349a05b200.jpg,Los Angeles
https://farm9.staticflickr.com/8031/8031901176_aaee4dfb9c.jpg,Los Angeles
https://farm8.staticflickr.com/7148/6588279287_6266f6655e.jpg,Los Angeles
https://farm9.staticflickr.com/8252/8637464161_bceb161b7c_c.jpg,Los Angeles
https://farm3.staticflickr.com/2714/4079144079_f988f85c3f.jpg,Los Angeles
https://farm3.staticflickr.com/2868/9694444520_0e7811556c.jpg,Los Angeles
https://farm3.staticflickr.com/2871/11426031093_a866e4fe27.jpg,Los Angeles
https://farm9.staticflickr.com/8124/8656154335_e2e2b4fdef.jpg,Los Angeles
https://farm3.staticflickr.com/2845/9605601998_34c7e69078.jpg,Chicago
https://farm8.staticflickr.com/7433/9739505344_0ffe3ff362.jpg,Chicago
https://farm4.staticflickr.com/3756/9593288913_e63bbd8c4c.jpg,Chicago
https://farm4.staticflickr.com/3719/9571362925_d4a8029f13.jpg,Chicago
https://farm3.staticflickr.com/2844/9580472590_34b884d3a0.jpg,Chicago
https://farm8.staticflickr.com/7002/6530560677_d545bdaf02.jpg,Chicago
https://farm4.staticflickr.com/3580/3475346730_09667705f7.jpg,Chicago
https://farm4.staticflickr.com/3413/4572458065_9d85efef6a_z.jpg,Chicago
https://farm8.staticflickr.com/7340/9572006899_9710b1c799.jpg,Chicago
https://farm4.staticflickr.com/3688/9600423574_ec8c91770e.jpg,Chicago
https://farm9.staticflickr.com/8337/8223332760_5c08ba1708.jpg,Chicago
https://farm6.staticflickr.com/5178/5480997653_fa421a86db.jpg,Houston
https://farm4.staticflickr.com/3377/3610342871_c1f756864a.jpg,Houston
https://farm3.staticflickr.com/2559/3861249716_9b32060792.jpg,Houston
https://farm8.staticflickr.com/7041/6896287323_d09b2a1f44.jpg,Houston
https://farm4.staticflickr.com/3578/3810518532_f526baf60d.jpg,Houston
https://farm3.staticflickr.com/2485/4007438834_e3994d02cf.jpg,Houston
https://farm3.staticflickr.com/2564/4160938418_690ec0a587.jpg,Houston
https://farm3.staticflickr.com/2540/3973099991_3b15c3410b.jpg,Houston
https://farm7.staticflickr.com/6073/6052856271_cbb0183d45.jpg,Houston
https://farm5.staticflickr.com/4001/4629109965_0ebd46973d.jpg,Houston
https://farm3.staticflickr.com/2505/4103771124_6269fd5bf8.jpg,Houston
https://farm4.staticflickr.com/3729/9434417721_6a3bc30a84_z.jpg,Philadelphia
https://farm6.staticflickr.com/5026/5593239919_fbc1a101bf_z.jpg,Philadelphia
https://farm3.staticflickr.com/2779/4396295389_41d788eac2.jpg,Philadelphia
https://farm5.staticflickr.com/4110/5011041875_f053a1ff21.jpg,Philadelphia
https://farm7.staticflickr.com/6016/5888025093_45f946c2d6.jpg,Philadelphia
https://farm3.staticflickr.com/2912/13812641003_e8e09462a0_c.jpg,Philadelphia
https://farm6.staticflickr.com/5260/5446927838_e3f0c10e81_z.jpg,Philadelphia
https://farm5.staticflickr.com/4126/5012014826_4d3c5a6ddd_z.jpg,Philadelphia
https://farm4.staticflickr.com/3907/14263358678_a15b1fca60.jpg,Philadelphia
https://farm1.staticflickr.com/210/466592210_188aaf20d7.jpg,Philadelphia
https://farm4.staticflickr.com/3624/3452672795_7260fb6187_z.jpg,Philadelphia
https://farm9.staticflickr.com/8150/7568959710_fc0b995f59.jpg,Phoenix
https://farm4.staticflickr.com/3128/2908396073_fa2ffacc2e.jpg,Phoenix
https://farm9.staticflickr.com/8456/7910080668_b2a91d94f4.jpg,Phoenix
https://farm4.staticflickr.com/3082/2373148009_751fe839e4.jpg,Phoenix
https://farm3.staticflickr.com/2111/5719382021_807c9761fd.jpg,Phoenix
https://farm6.staticflickr.com/5231/5848390943_e4bde4195a.jpg,Phoenix
https://farm9.staticflickr.com/8545/8706551449_e386c13bc2.jpg,Phoenix
https://farm6.staticflickr.com/5001/5226713978_1012373f54.jpg,Phoenix
https://farm3.staticflickr.com/2644/4140279279_1a6268722b.jpg,Phoenix
https://farm4.staticflickr.com/3479/3743196182_27295ff165.jpg,Phoenix
https://farm5.staticflickr.com/4017/4702408223_58c6b646ed.jpg,Phoenix
https://farm8.staticflickr.com/7036/6874401943_ac544c1896_z.jpg,San Diego
https://farm9.staticflickr.com/8422/7674279134_afa8d53593.jpg,San Diego
https://farm9.staticflickr.com/8378/8381590524_3cef200fd9.jpg,San Diego
https://farm6.staticflickr.com/5252/5449807754_5d0273ef20.jpg,San Diego
https://farm6.staticflickr.com/5263/5596898153_5069733d5b.jpg,San Diego
https://farm8.staticflickr.com/7182/6899200336_248df42613.jpg,San Diego
https://farm4.staticflickr.com/3884/14203957547_89f19c8fb2.jpg,San Diego
https://farm7.staticflickr.com/6082/6110228678_ccfb4c6455.jpg,San Diego
https://farm8.staticflickr.com/7252/6893931836_ff1046c020.jpg,San Diego
https://farm8.staticflickr.com/7195/6845774418_8466345ba2.jpg,San Diego
https://farm4.staticflickr.com/3420/3700405682_a6b1cc0ff9_z.jpg,San Diego
https://farm5.staticflickr.com/4061/4687451965_7c920f7e12.jpg,San Antonio
https://farm9.staticflickr.com/8370/8513982041_4d58013bf1.jpg,San Antonio
https://farm4.staticflickr.com/3327/3651016598_9d80e40fc4.jpg,San Antonio
https://farm8.staticflickr.com/7381/11335864423_b413c20127.jpg,San Antonio
https://farm8.staticflickr.com/7443/10147182753_c7958f95b3.jpg,San Antonio
https://farm5.staticflickr.com/4077/4744371440_fb0489123a_z.jpg,San Antonio
https://farm8.staticflickr.com/7142/6641067515_0b405535f7.jpg,San Antonio
https://farm9.staticflickr.com/8510/8517626153_c461cbe8e8.jpg,San Antonio
https://farm8.staticflickr.com/7252/7499058776_d519c5f850.jpg,San Antonio
https://farm8.staticflickr.com/7443/9409578598_13ec1c0ce7.jpg,San Antonio
https://farm4.staticflickr.com/3771/10759537594_752b947589.jpg,San Antonio
https://farm9.staticflickr.com/8506/8455432360_c9ce8af9d5_z.jpg,Dallas
https://farm1.staticflickr.com/44/131124125_e784e3e667.jpg,Dallas
https://farm3.staticflickr.com/2482/3584375187_da07c61392.jpg,Dallas
https://farm5.staticflickr.com/4120/4829946331_0df6814310_z.jpg,Dallas
https://farm6.staticflickr.com/5020/5410252034_01dfc4fcfb.jpg,Dallas
https://farm6.staticflickr.com/5262/5590688814_19d39dc9a7.jpg,Dallas
https://farm7.staticflickr.com/6203/6040581186_9c1d2fbb63.jpg,Dallas
https://farm6.staticflickr.com/5461/7427164976_7fb5fea96b.jpg,Dallas
https://farm6.staticflickr.com/5297/5477109471_32cf70393a.jpg,Dallas
https://farm4.staticflickr.com/3932/15366877268_fe66d7b09f_z.jpg,Dallas
https://farm6.staticflickr.com/5257/5533148105_3f55e8cb38_z.jpg,Dallas
https://farm4.staticflickr.com/3364/3417760721_eff4ed1cc8.jpg,Detroit
https://farm9.staticflickr.com/8329/8390319157_ae86072929_z.jpg,Detroit
https://farm8.staticflickr.com/7414/9954055285_e2efd978d6.jpg,Detroit
https://farm3.staticflickr.com/2226/2759943255_6039a691e5.jpg,Detroit
https://farm4.staticflickr.com/3637/3506117446_16134cf3d8.jpg,Detroit
https://farm1.staticflickr.com/52/127326007_ca7c075cdc.jpg,Detroit
https://farm9.staticflickr.com/8220/8332820291_55f5271bc7.jpg,Detroit
https://farm4.staticflickr.com/3806/11935166723_1b487ea93d.jpg,Detroit
https://farm7.staticflickr.com/6085/6116808927_6fdb33ef92.jpg,Detroit
https://farm6.staticflickr.com/5206/5382048864_410b8aa395_z.jpg,Detroit
https://farm9.staticflickr.com/8076/8341671895_7d1513a58a.jpg,Detroit
https://farm4.staticflickr.com/3334/3579628809_519560abec_z.jpg,San Jose
https://farm3.staticflickr.com/2686/4535085083_cc490340ec.jpg,San Jose
https://farm9.staticflickr.com/8379/8512049262_8246a5591e.jpg,San Jose
https://farm5.staticflickr.com/4149/4991596935_5272fa71c9.jpg,San Jose
https://farm6.staticflickr.com/5145/5618665124_a2ce65de7a.jpg,San Jose
https://farm3.staticflickr.com/2118/13117982144_c3c969fa88.jpg,San Jose
https://farm3.staticflickr.com/2771/13117808943_cf4cfccf66.jpg,San Jose
https://farm3.staticflickr.com/2374/3536816447_231cb915a4_z.jpg,San Jose
https://farm3.staticflickr.com/2748/4403383644_d4202df8cd.jpg,San Jose
https://farm6.staticflickr.com/5203/5270259595_8b8806546e.jpg,San Jose
https://farm6.staticflickr.com/5229/5686404876_d6604dc3c0.jpg,San Jose
https://farm6.staticflickr.com/5017/5526334542_f6403b05dd_z.jpg,Indianapolis
https://farm5.staticflickr.com/4080/4919422892_48903cc45f.jpg,Indianapolis
https://farm5.staticflickr.com/4120/4918825639_a8bf066d9c.jpg,Indianapolis
https://farm9.staticflickr.com/8592/15637850429_eb369eb1ea_z.jpg,Indianapolis
https://farm5.staticflickr.com/4076/4917245818_dc3cd6230e.jpg,Indianapolis
https://farm4.staticflickr.com/3651/5827322717_0aa96b9cb8.jpg,Indianapolis
https://farm8.staticflickr.com/7015/6540680211_32f736568d_z.jpg,Indianapolis
https://farm7.staticflickr.com/6191/6126396515_74da74bd85.jpg,Indianapolis
https://farm6.staticflickr.com/5283/5249938757_70464ef556.jpg,Indianapolis
https://farm8.staticflickr.com/7163/6766728373_4bdd1f9bb0.jpg,Indianapolis
https://farm5.staticflickr.com/4138/4916646347_bfb79f7495.jpg,Indianapolis
https://farm4.staticflickr.com/3560/3457551091_429833d820.jpg,Jacksonville
https://farm6.staticflickr.com/5282/5239392849_4a1b5793d8.jpg,Jacksonville
https://farm6.staticflickr.com/5147/5792252179_67fb7f6d9d.jpg,Jacksonville
https://farm8.staticflickr.com/7255/7133939003_d05d1ab6e2.jpg,Jacksonville
https://farm8.staticflickr.com/7129/7777942114_3e46e5b66b.jpg,Jacksonville
https://farm4.staticflickr.com/3866/14869642280_d453536a17.jpg,Jacksonville
https://farm8.staticflickr.com/7088/7291422132_03ac0577d0.jpg,Jacksonville
https://farm4.staticflickr.com/3907/14723795880_3d6193f06b_z.jpg,Jacksonville
https://farm9.staticflickr.com/8189/8388654289_4bd6c59d11.jpg,Jacksonville
https://farm3.staticflickr.com/2893/10723978846_7a53226058.jpg,Jacksonville
https://farm4.staticflickr.com/3072/2682254137_8546b1f862.jpg,Jacksonville
https://farm5.staticflickr.com/4129/5192375946_6f96b23362.jpg,San Francisco
https://farm5.staticflickr.com/4039/4628932927_20d8d0e937.jpg,San Francisco
https://farm9.staticflickr.com/8117/8691138819_ddae865f86_c.jpg,San Francisco
https://farm7.staticflickr.com/6207/6023746097_4458e02f69.jpg,San Francisco
https://farm6.staticflickr.com/5131/5480505233_2750b763a0_z.jpg,San Francisco
https://farm5.staticflickr.com/4005/4204497503_a0c43c561d.jpg,San Francisco
https://farm6.staticflickr.com/5246/5292375892_84795acf6a_z.jpg,San Francisco
https://farm6.staticflickr.com/5274/5898218494_7889c50057_z.jpg,San Francisco
https://farm8.staticflickr.com/7003/6611619613_3a515e1663.jpg,San Francisco
https://farm5.staticflickr.com/4072/5122744983_7f6c17132c_z.jpg,San Francisco
https://farm5.staticflickr.com/4007/4428223881_6ed17e8c7b.jpg,San Francisco
https://farm8.staticflickr.com/7576/15747928527_fcf56e70c7.jpg,Columbus
https://farm8.staticflickr.com/7534/15581616577_ab14195bff.jpg,Columbus
https://farm9.staticflickr.com/8027/7154897685_092445b687.jpg,Columbus
https://farm4.staticflickr.com/3711/8961766718_8860b92a6d.jpg,Columbus
https://farm9.staticflickr.com/8228/8410303150_94d8d2bbf7.jpg,Columbus
https://farm8.staticflickr.com/7526/15747280857_e5c9c9bfa8.jpg,Columbus
https://farm3.staticflickr.com/2677/4436588783_30068ce56c.jpg,Columbus
https://farm4.staticflickr.com/3791/11669093865_d8a945c74b.jpg,Columbus
https://farm4.staticflickr.com/3942/15539650137_a589a35e5d.jpg,Columbus
https://farm7.staticflickr.com/6020/5972281037_52f1d24b38.jpg,Columbus
https://farm8.staticflickr.com/7210/7037617793_de3fff57ff.jpg,Columbus
https://farm2.staticflickr.com/1357/967889763_1d48748115.jpg,Austin
https://farm3.staticflickr.com/2765/4167672917_cbbbb7fb3b.jpg,Austin
https://farm8.staticflickr.com/7152/6520548607_7d3d957e20.jpg,Austin
https://farm5.staticflickr.com/4047/4194430772_bba0b869fb.jpg,Austin
https://farm8.staticflickr.com/7149/6523171565_b2968a447b.jpg,Austin
https://farm5.staticflickr.com/4052/4267551659_38cf9a93e7.jpg,Austin
https://farm5.staticflickr.com/4076/4829056643_7a34379449.jpg,Austin
https://farm3.staticflickr.com/2597/3863356789_d340045cfd.jpg,Austin
https://farm7.staticflickr.com/6063/6066782965_590de4c500_z.jpg,Austin
https://farm9.staticflickr.com/8228/8479656555_6e845f1c96.jpg,Austin
https://farm7.staticflickr.com/6006/5999671644_a930e72fd7.jpg,Austin
https://farm8.staticflickr.com/7172/6820930387_7ced60d671.jpg,Memphis
https://farm5.staticflickr.com/4103/5005625751_595626f58a.jpg,Memphis
https://farm4.staticflickr.com/3558/3434910939_c0f0c72b7a_z.jpg?zz=1,Memphis
https://farm4.staticflickr.com/3525/3895552832_0944274041.jpg,Memphis
https://farm9.staticflickr.com/8107/8590189181_77c1aba8a7.jpg,Memphis
https://farm9.staticflickr.com/8392/8601279954_88b89482f6.jpg,Memphis
https://farm6.staticflickr.com/5324/9421455621_8fe853befd.jpg,Memphis
https://farm8.staticflickr.com/7006/6656133217_0e03d093c4.jpg,Memphis
https://farm9.staticflickr.com/8521/8595241742_16bb44a046.jpg,Memphis
https://farm7.staticflickr.com/6059/6277721465_609c386745.jpg,Memphis
https://farm4.staticflickr.com/3718/10674215595_1fe7358846.jpg,Memphis
https://farm9.staticflickr.com/8520/8464085960_df0bb8fb38.jpg,Baltimore
https://farm8.staticflickr.com/7296/9198389950_f545d0193e_h.jpg,Baltimore
https://farm8.staticflickr.com/7382/9172180572_7717535a29_h.jpg,Baltimore
https://farm7.staticflickr.com/6178/6171637413_e4d7eb91a8.jpg,Baltimore
https://farm3.staticflickr.com/2399/2213639572_9199e7311a.jpg,Baltimore
https://farm3.staticflickr.com/2021/2193941666_a6c99e21e0.jpg,Baltimore
https://farm5.staticflickr.com/4057/4582077789_20f52f2df9.jpg,Baltimore
https://farm8.staticflickr.com/7252/8169526274_8f8e1bfbf8.jpg,Baltimore
https://farm7.staticflickr.com/6164/6196019601_1bf104115d.jpg,Baltimore
https://farm9.staticflickr.com/8018/7617303880_3899a646a2_z.jpg,Baltimore
https://farm3.staticflickr.com/2363/2130321834_255e069028_z.jpg?zz=1,Baltimore
https://farm6.staticflickr.com/5124/5329142833_665ab48739.jpg,Charlotte
https://farm4.staticflickr.com/3204/3127074980_baa5cf12d6.jpg,Charlotte
https://farm3.staticflickr.com/2647/3846994585_5b6d0bc25e_z.jpg,Charlotte
https://farm4.staticflickr.com/3004/3107273393_2aa5cd94ee_z.jpg,Charlotte
https://farm7.staticflickr.com/6076/6030012941_03359aebff.jpg,Charlotte
https://farm4.staticflickr.com/3059/3064589854_88fb2267b8.jpg,Charlotte
https://farm1.staticflickr.com/83/264442272_6acb321d92.jpg,Charlotte
https://farm4.staticflickr.com/3481/3298738343_edd8677759.jpg,Charlotte
https://farm4.staticflickr.com/3379/3493000366_0d1aff8a95_z.jpg,Charlotte
https://farm9.staticflickr.com/8075/8379442707_3c4c674712_c.jpg,Charlotte
https://farm4.staticflickr.com/3213/3050946045_f1462b4c8b.jpg,Charlotte
https://farm7.staticflickr.com/6008/5977025454_7f86a81ce8.jpg,Fort Worth
https://farm7.staticflickr.com/6203/6121366802_22233d6767.jpg,Fort Worth
https://farm8.staticflickr.com/7008/6787299971_633bb21cf1.jpg,Fort Worth
https://farm3.staticflickr.com/2896/14007278132_fd6bdcd302.jpg,Fort Worth
https://farm8.staticflickr.com/7162/6483938841_f49ea58435.jpg,Fort Worth
https://farm6.staticflickr.com/5006/5255609969_bebd626c7e.jpg,Fort Worth
https://farm3.staticflickr.com/2738/4299967831_d0749cbbd6_z.jpg,Fort Worth
https://farm7.staticflickr.com/6195/6090112063_9bfa4e455c_z.jpg,Fort Worth
https://farm5.staticflickr.com/4063/4481780785_a4cdd923f1.jpg,Fort Worth
https://farm8.staticflickr.com/7106/7484386324_d869e5014c.jpg,Fort Worth
https://farm4.staticflickr.com/3927/15508299481_dc46791fe2.jpg,Fort Worth
https://farm9.staticflickr.com/8374/8520736218_06a11e2e10_z.jpg,Boston
https://farm9.staticflickr.com/8249/8521482521_7f56cacbbd_z.jpg,Boston
https://farm8.staticflickr.com/7425/12279752415_2dc5374eb7_c.jpg,Boston
https://farm9.staticflickr.com/8086/8520846414_0407b8fd32_z.jpg,Boston
https://farm8.staticflickr.com/7078/7182918417_f5549dfd75_z.jpg,Boston
https://farm3.staticflickr.com/2657/4143740488_229b88ebe7.jpg,Boston
https://farm2.staticflickr.com/1371/5142098851_25cf6a6933.jpg,Boston
https://farm2.staticflickr.com/1108/5109840037_999ba3dffb.jpg,Boston
https://farm4.staticflickr.com/3101/5852265423_409feddddd.jpg,Boston
https://farm9.staticflickr.com/8173/7902588130_c399805a48.jpg,Boston
https://farm5.staticflickr.com/4035/4708028101_ea689853d6.jpg,Boston
https://farm1.staticflickr.com/102/314160744_87aebfa431.jpg,Milwaukee
https://farm4.staticflickr.com/3493/3792257664_b6b956cfe9.jpg,Milwaukee
https://farm9.staticflickr.com/8441/7871660922_c2462a2950.jpg,Milwaukee
https://farm9.staticflickr.com/8217/8375425565_86d0c7edfc_z.jpg,Milwaukee
https://farm8.staticflickr.com/7231/7172642474_026c8e88b2.jpg,Milwaukee
https://farm8.staticflickr.com/7244/7283818972_ec6fbde9eb.jpg,Milwaukee
https://farm9.staticflickr.com/8234/8400651278_19717aacb0.jpg,Milwaukee
https://farm4.staticflickr.com/3156/2739691380_063d130c1c.jpg,Milwaukee
https://farm2.staticflickr.com/1402/5181772083_520756335b.jpg,Milwaukee
https://farm9.staticflickr.com/8386/8601008486_16963b5c6c_z.jpg,Milwaukee
https://farm9.staticflickr.com/8333/8418271495_c376f23c7b_z.jpg,Milwaukee
https://farm2.staticflickr.com/1029/1339089396_6c2e5c486d_z.jpg,El Paso
https://farm6.staticflickr.com/5468/9130170115_40c04a38da.jpg,El Paso
https://farm4.staticflickr.com/3218/2961049563_04c8b749b3_z.jpg,El Paso
https://farm4.staticflickr.com/3644/3440856974_c3ef1c5a69_z.jpg,El Paso
https://farm4.staticflickr.com/3127/2623238564_97c9c7c472.jpg,El Paso
https://farm6.staticflickr.com/5095/5527536516_2b7894f4dc.jpg,El Paso
https://farm8.staticflickr.com/7099/7187754731_ed5734454c.jpg,El Paso
https://farm4.staticflickr.com/3277/2990437785_8a2c2f188d.jpg,El Paso
https://farm6.staticflickr.com/5096/5413889934_97b389bb7b.jpg,El Paso
https://farm6.staticflickr.com/5481/11108955225_35c943033c.jpg,El Paso
https://farm6.staticflickr.com/5055/5530111800_13d3dccb8d.jpg,El Paso
https://farm8.staticflickr.com/7014/6649744453_6d380cb4eb.jpg,Washington
https://farm6.staticflickr.com/5089/5226289594_1352186727.jpg,Washington
https://farm9.staticflickr.com/8059/8243335488_95c928340c.jpg,Washington
https://farm8.staticflickr.com/7287/8740684075_be2b567f66.jpg,Washington
https://farm6.staticflickr.com/5307/5755583721_302bc6d1e0_z.jpg,Washington
https://farm9.staticflickr.com/8115/8627714059_8cde670b02.jpg,Washington
https://farm9.staticflickr.com/8300/7915702060_45550469a0.jpg,Washington
https://farm3.staticflickr.com/2582/3824030148_8c5deca8ef_z.jpg,Washington
https://farm5.staticflickr.com/4094/4762595621_1cc52f1af7.jpg,Washington
https://farm7.staticflickr.com/6047/6218549359_560f408e48.jpg,Washington
https://farm8.staticflickr.com/7274/6861805172_922b87236f.jpg,Washington
https://farm4.staticflickr.com/3400/3511336884_a8ac51f21e.jpg,Nashville-Davidson
https://farm4.staticflickr.com/3035/2528747866_5fd0e58d3f.jpg,Nashville-Davidson
https://farm3.staticflickr.com/2288/2527927261_fdb2fb6c4d.jpg,Nashville-Davidson
https://farm4.staticflickr.com/3386/3511326878_4d1745b29f.jpg,Nashville-Davidson
https://farm4.staticflickr.com/3334/3511334444_93ca63365a.jpg,Nashville-Davidson
https://farm4.staticflickr.com/3625/3651912322_8fdcce9eb1.jpg,Nashville-Davidson
https://farm4.staticflickr.com/3634/3651862168_25284ff8c9.jpg,Nashville-Davidson
https://farm4.staticflickr.com/3379/3652906126_2497e7d32c.jpg,Nashville-Davidson
https://farm4.staticflickr.com/3569/3651852340_6cdf463d00.jpg,Nashville-Davidson
https://farm4.staticflickr.com/3330/3651129923_4810779196.jpg,Nashville-Davidson
https://farm4.staticflickr.com/3549/3651834994_da4ef06ef0.jpg,Nashville-Davidson
https://farm9.staticflickr.com/8452/7936354138_5f1aaac56a.jpg,Seattle
https://farm3.staticflickr.com/2944/15390546726_96eb118d7d.jpg,Seattle
https://farm6.staticflickr.com/5136/5511568109_41525bb4fd.jpg,Seattle
https://farm9.staticflickr.com/8055/8411959569_16cf7b6d20.jpg,Seattle
https://farm8.staticflickr.com/7402/12091091015_1e00c63f78_z.jpg,Seattle
https://farm9.staticflickr.com/8542/8709195201_d4e100b276_z.jpg,Seattle
https://farm8.staticflickr.com/7153/6493627119_8abd81293d_z.jpg,Seattle
https://farm7.staticflickr.com/6004/6017841622_56191f5523.jpg,Seattle
https://farm9.staticflickr.com/8071/8436985318_0bc17c04a9.jpg,Seattle
https://farm7.staticflickr.com/6169/6214272238_c53c9021ec.jpg,Seattle
https://farm2.staticflickr.com/1091/5161959261_59802357e9.jpg,Seattle
https://farm7.staticflickr.com/6169/6165382008_5e481459f7.jpg,Denver
https://farm6.staticflickr.com/5482/12035137536_b235c83122_c.jpg,Denver
https://farm2.staticflickr.com/1247/5100795006_ae62ffec87.jpg,Denver
https://farm3.staticflickr.com/2483/4010116527_883319809b.jpg,Denver
https://farm6.staticflickr.com/5289/5304912495_8a4f34c6ca.jpg,Denver
https://farm4.staticflickr.com/3168/2548625188_af58ba3012.jpg,Denver
https://farm3.staticflickr.com/2388/2133864991_50a2c04249.jpg,Denver
https://farm7.staticflickr.com/6107/6341401757_3e9eb914e6.jpg,Denver
https://farm4.staticflickr.com/3141/2773469662_7e1097ca8e.jpg,Denver
https://farm5.staticflickr.com/4145/5193565320_b6ab4ef537.jpg,Denver
https://farm4.staticflickr.com/3924/14445609589_5779975dbf_c.jpg,Denver
https://farm3.staticflickr.com/2432/5844364807_4f8ea1b712_z.jpg,Las Vegas
https://farm4.staticflickr.com/3179/5844364169_cc72f0d182_z.jpg,Las Vegas
https://farm7.staticflickr.com/6014/5952262110_21083c9ff7_z.jpg,Las Vegas
https://farm7.staticflickr.com/6025/5952257504_72496cd35c.jpg,Las Vegas
https://farm7.staticflickr.com/6027/5951706881_96d3d231ce_z.jpg,Las Vegas
https://farm7.staticflickr.com/6141/5952257936_589a317b38_z.jpg,Las Vegas
https://farm7.staticflickr.com/6127/5951710737_deccdb6a9f_z.jpg,Las Vegas
https://farm7.staticflickr.com/6121/5951702261_7fc0884d16_z.jpg,Las Vegas
https://farm7.staticflickr.com/6141/5952270424_558dd21e37.jpg,Las Vegas
https://farm7.staticflickr.com/6144/5952260004_271ceea786_z.jpg,Las Vegas
https://farm7.staticflickr.com/6136/5952259004_7eaa52d49b_z.jpg,Las Vegas
https://farm8.staticflickr.com/7562/15900995956_7664ea4104.jpg,Portland
https://farm8.staticflickr.com/7583/15759075110_f19642581d.jpg,Portland
https://farm4.staticflickr.com/3176/2905661625_6dfa7d8980.jpg,Portland
https://farm4.staticflickr.com/3785/11636430304_911c9acf2b.jpg,Portland
https://farm8.staticflickr.com/7129/13319042393_f893c8b66b_z.jpg,Portland
https://farm8.staticflickr.com/7412/13298098005_b3cbce94b9_h.jpg,Portland
https://farm4.staticflickr.com/3484/3867873351_818ed4a4b0.jpg,Portland
https://farm3.staticflickr.com/2855/12200280153_aa9115f988.jpg,Portland
https://farm4.staticflickr.com/3722/9449141168_9672bf6270.jpg,Portland
https://farm4.staticflickr.com/3712/9195575411_058c9ce54f.jpg,Portland
https://farm5.staticflickr.com/4154/5072002309_e4f4c2ce2a_z.jpg,Portland
https://farm4.staticflickr.com/3208/3084113038_1b4d94f62f_z.jpg,Oklahoma City
https://farm5.staticflickr.com/4011/4501530954_90b8624dd0.jpg,Oklahoma City
https://farm5.staticflickr.com/4070/4504220012_22ce76a33e.jpg,Oklahoma City
https://farm9.staticflickr.com/8389/8678131366_73e1dffdbe.jpg,Oklahoma City
https://farm2.staticflickr.com/1034/5182654981_6d0c3ec3dd_z.jpg,Oklahoma City
https://farm6.staticflickr.com/5615/15154129873_72d4ecc1bc.jpg,Oklahoma City
https://farm9.staticflickr.com/8174/8069251154_f475ba2bca.jpg,Oklahoma City
https://farm9.staticflickr.com/8317/8069248144_873159dd12.jpg,Oklahoma City
https://farm4.staticflickr.com/3918/14968539380_bb73dd7fa8.jpg,Oklahoma City
https://farm8.staticflickr.com/7259/7540420672_f83355c2c9.jpg,Oklahoma City
https://farm4.staticflickr.com/3902/14968498439_ff3d8f8028.jpg,Oklahoma City
https://farm9.staticflickr.com/8532/8493264933_00560af4b4.jpg,Tucson
https://farm2.staticflickr.com/1082/5131168954_ca212b1ed5.jpg,Tucson
https://farm4.staticflickr.com/3475/3292143183_d4065f1004.jpg,Tucson
https://farm4.staticflickr.com/3694/11059119603_5b2286a2a3.jpg,Tucson
https://farm4.staticflickr.com/3473/3912682105_12cf93a49b_z.jpg,Tucson
https://farm9.staticflickr.com/8217/8339122921_abc974b0d6.jpg,Tucson
https://farm6.staticflickr.com/5002/5264763867_1a87511365.jpg,Tucson
https://farm6.staticflickr.com/5089/5287518436_395fa67c71_z.jpg,Tucson
https://farm7.staticflickr.com/6032/6212744791_0c3b2ed401.jpg,Tucson
https://farm4.staticflickr.com/3746/10363567545_3ca46e19fc.jpg,Tucson
https://farm6.staticflickr.com/5266/5591835659_cb8df111bd_z.jpg,Tucson
https://farm2.staticflickr.com/1432/4732202522_b21bc928ea_z.jpg,Albuquerque
https://farm8.staticflickr.com/7430/10228435324_fe0f9862c7.jpg,Albuquerque
https://farm8.staticflickr.com/7405/10302797114_049ac97c44.jpg,Albuquerque
https://farm1.staticflickr.com/32/48361655_b9e98a105d.jpg,Albuquerque
https://farm6.staticflickr.com/5604/15509530865_7d772f4505.jpg,Albuquerque
https://farm9.staticflickr.com/8431/7828059424_e95d9695c9.jpg,Albuquerque
https://farm4.staticflickr.com/3817/10258426865_e7c6aa463f.jpg,Albuquerque
https://farm3.staticflickr.com/2787/4495498753_8796885e5f_z.jpg,Albuquerque
https://farm1.staticflickr.com/56/114608336_602a6f3093.jpg,Albuquerque
https://farm4.staticflickr.com/3580/3798170647_66e3b3d814.jpg,Albuquerque
https://farm6.staticflickr.com/5538/10467756496_7e6935b812.jpg,Albuquerque
https://farm4.staticflickr.com/3267/2832923687_20bf48050a.jpg,Atlanta
https://farm9.staticflickr.com/8422/7701416596_bde4a86be9.jpg,Atlanta
https://farm9.staticflickr.com/8159/7640772446_6e163ba831.jpg,Atlanta
https://farm9.staticflickr.com/8028/7688211862_a0ef2a7bdf.jpg,Atlanta
https://farm3.staticflickr.com/2407/2102301064_6d75d1f551.jpg,Atlanta
https://farm4.staticflickr.com/3573/3805474977_3e02559613.jpg,Atlanta
https://farm9.staticflickr.com/8427/7749992112_0e3c493c56.jpg,Atlanta
https://farm3.staticflickr.com/2148/2163799319_490019b9ca.jpg,Atlanta
https://farm7.staticflickr.com/6077/6079397372_acb1dc079f_z.jpg,Atlanta
https://farm8.staticflickr.com/7124/7653756986_eeb749f409.jpg,Atlanta
https://farm6.staticflickr.com/5003/5287209950_fd3f579d36.jpg,Atlanta
https://farm8.staticflickr.com/7115/7523393772_a9d68116dd.jpg,Long Beach
https://farm9.staticflickr.com/8512/8365109453_cdc8249d34_z.jpg,Long Beach
https://farm9.staticflickr.com/8158/7130738939_1195a2f997.jpg,Long Beach
https://farm7.staticflickr.com/6097/6255721689_23e8c6dd4a_z.jpg,Long Beach
https://farm4.staticflickr.com/3109/3147786573_64841041cc.jpg,Long Beach
https://farm9.staticflickr.com/8153/7276501884_ab78d5b2c0.jpg,Long Beach
https://farm5.staticflickr.com/4004/4253324128_c67445c811_z.jpg,Long Beach
https://farm4.staticflickr.com/3698/9212503162_67ff307172.jpg,Long Beach
https://farm6.staticflickr.com/5242/5241691101_77bf78d86c_z.jpg,Long Beach
https://farm4.staticflickr.com/3240/2283211932_61475b56ec_z.jpg?zz=1,Long Beach
https://farm4.staticflickr.com/3826/13235616735_d72fafd829.jpg,Long Beach
https://farm5.staticflickr.com/4132/4955431415_60a481bbba.jpg,Kansas City
https://farm6.staticflickr.com/5134/5463469322_65dc4f3578.jpg,Kansas City
https://farm9.staticflickr.com/8235/8566191967_3315341522.jpg,Kansas City
https://farm7.staticflickr.com/6184/6131657785_ca402994d5.jpg,Kansas City
https://farm5.staticflickr.com/4083/4962799788_d1bb278474_z.jpg,Kansas City
https://farm5.staticflickr.com/4145/5195995673_ca9f8aeb50.jpg,Kansas City
https://farm5.staticflickr.com/4124/5194410207_0e59309be7.jpg,Kansas City
https://farm4.staticflickr.com/3729/11858369706_17d11a5d99.jpg,Kansas City
https://farm8.staticflickr.com/7310/9570458473_1295c78744.jpg,Kansas City
https://farm5.staticflickr.com/4088/5205291253_bff672096c.jpg,Kansas City
https://farm6.staticflickr.com/5048/5327678287_34aa4922fb.jpg,Kansas City
https://farm9.staticflickr.com/8290/7737572532_30fa142135.jpg,Fresno
https://farm3.staticflickr.com/2821/13388570335_f5c57a8a60_z.jpg,Fresno
https://farm2.staticflickr.com/1093/529169757_5ba72f5174.jpg,Fresno
https://farm1.staticflickr.com/169/426171611_a6521dd125_z.jpg?zz=1,Fresno
https://farm4.staticflickr.com/3580/3470530720_da1ec59256_z.jpg?zz=1,Fresno
https://farm3.staticflickr.com/2808/11991029294_56b7409b6e_z.jpg,Fresno
https://farm4.staticflickr.com/3617/3474781725_4080b974ff.jpg,Fresno
https://farm3.staticflickr.com/2272/2143875305_a711f07cf5.jpg,Fresno
https://farm8.staticflickr.com/7522/15768832388_74a3d68e09.jpg,Fresno
https://farm4.staticflickr.com/3901/14941723639_151a4b5a88.jpg,Fresno
https://farm3.staticflickr.com/2418/2174057994_96c34b8952_z.jpg,Fresno
https://farm7.staticflickr.com/6156/6144066941_5c7fe52a0f.jpg,New Orleans
https://farm8.staticflickr.com/7050/6976524695_b51a95d951.jpg,New Orleans
https://farm8.staticflickr.com/7059/6830401672_a89b22f2be.jpg,New Orleans
https://farm5.staticflickr.com/4083/5394757056_1f06a04ff0.jpg,New Orleans
https://farm3.staticflickr.com/2164/2366103065_d41c43be88.jpg,New Orleans
https://farm5.staticflickr.com/4024/4278031166_d0935c9a12.jpg,New Orleans
https://farm3.staticflickr.com/2255/2480521607_49c57de6a5.jpg,New Orleans
https://farm9.staticflickr.com/8322/7914895048_5530469975.jpg,New Orleans
https://farm8.staticflickr.com/7022/6815779999_28f4e99f36.jpg,New Orleans
https://farm6.staticflickr.com/5270/5588310585_198bfd65bf.jpg,New Orleans
https://farm5.staticflickr.com/4002/4520745914_c142ffb4dc.jpg,New Orleans
https://farm4.staticflickr.com/3092/2627585009_a137b1cf64_z.jpg,Cleveland
https://farm8.staticflickr.com/7144/6634758977_dd3b0784f7.jpg,Cleveland
https://farm4.staticflickr.com/3740/12236315634_4f29d958cd.jpg,Cleveland
https://farm3.staticflickr.com/2513/3723511372_c2566fbd96.jpg,Cleveland
https://farm4.staticflickr.com/3639/3661706841_3082fc5401.jpg,Cleveland
https://farm5.staticflickr.com/4004/4458455585_f77f6d285d.jpg,Cleveland
https://farm9.staticflickr.com/8499/8297637483_8b67368b3a_z.jpg,Cleveland
https://farm9.staticflickr.com/8212/8281417599_594a67db3e_z.jpg,Cleveland
https://farm6.staticflickr.com/5028/5601938480_d811cf0814_z.jpg,Cleveland
https://farm8.staticflickr.com/7263/7819428466_3a1b846815.jpg,Cleveland
https://farm9.staticflickr.com/8167/7425976350_35963e2de8.jpg,Cleveland
https://farm6.staticflickr.com/5087/5726726279_0cf7b8913d_z.jpg,Sacramento
https://farm4.staticflickr.com/3235/2916390752_dfe90a904c.jpg,Sacramento
https://farm4.staticflickr.com/3256/2370464211_60da3d1347.jpg,Sacramento
https://farm4.staticflickr.com/3219/3050724035_58c957290c.jpg,Sacramento
https://farm7.staticflickr.com/6132/5979680479_12ecab0feb.jpg,Sacramento
https://farm6.staticflickr.com/5536/11300923594_9438169689.jpg,Sacramento
https://farm4.staticflickr.com/3853/15302133381_4137d4a841_z.jpg,Sacramento
https://farm8.staticflickr.com/7013/6655531935_5b01babbcb.jpg,Sacramento
https://farm3.staticflickr.com/2786/4358721158_074b1a4e2f.jpg,Sacramento
https://farm9.staticflickr.com/8063/8240352914_d62206725e.jpg,Sacramento
https://farm4.staticflickr.com/3284/3084788436_1e4e4ded67.jpg,Sacramento
https://farm7.staticflickr.com/6233/6214250562_cbbb904efb.jpg,Mesa
https://farm6.staticflickr.com/5599/15527021086_b00958e4cf_z.jpg,Mesa
https://farm2.staticflickr.com/1313/5146935093_f3eec8aabb.jpg,Mesa
https://farm9.staticflickr.com/8285/7729389416_b65197947e_z.jpg,Mesa
https://farm1.staticflickr.com/213/444941696_c06b4a065b_z.jpg,Mesa
https://farm4.staticflickr.com/3407/3288566888_d1f8ed0dcb.jpg,Mesa
https://farm8.staticflickr.com/7031/6675770673_0def36e83b_z.jpg,Mesa
https://farm4.staticflickr.com/3819/11017544144_f974f565c1.jpg,Mesa
https://farm7.staticflickr.com/6071/6062180778_8d3c1b9648.jpg,Mesa
https://farm4.staticflickr.com/3638/3398947473_fe855c8b0e.jpg,Mesa
https://farm4.staticflickr.com/3752/12021400723_4a88c6c536.jpg,Mesa
https://farm7.staticflickr.com/6084/6081558244_d50b6a25fe.jpg,Virginia Beach
https://farm4.staticflickr.com/3586/3461623362_6703b9cd78.jpg,Virginia Beach
https://farm4.staticflickr.com/3567/3405440313_cfbc9160c6.jpg,Virginia Beach
https://farm4.staticflickr.com/3589/3461622918_ed6519b3f4.jpg,Virginia Beach
https://farm9.staticflickr.com/8008/7656518286_d7e4f22388.jpg,Virginia Beach
https://farm7.staticflickr.com/6131/5941875192_1ffedc1658.jpg,Virginia Beach
https://farm6.staticflickr.com/5218/5497648782_b5328bfe9b_z.jpg,Virginia Beach
https://farm4.staticflickr.com/3775/9467483026_584ffd5449_z.jpg,Virginia Beach
https://farm3.staticflickr.com/2503/3705666124_0b19b0429d.jpg,Virginia Beach
https://farm3.staticflickr.com/2195/2129082749_8103a387d8.jpg,Virginia Beach
https://farm7.staticflickr.com/6207/6099600529_dc810aeff3.jpg,Virginia Beach
https://farm7.staticflickr.com/6202/6098793770_e0da1e4028.jpg,Omaha
https://farm7.staticflickr.com/6140/5992164495_84da61c5e9_z.jpg,Omaha
https://farm4.staticflickr.com/3035/2296312350_95755c0bf7.jpg,Omaha
https://farm8.staticflickr.com/7498/15714709258_4f55fff775.jpg,Omaha
https://farm8.staticflickr.com/7390/12280682663_a171918dbc_c.jpg,Omaha
https://farm4.staticflickr.com/3707/12044210845_5fb0cc5cf5.jpg,Omaha
https://farm4.staticflickr.com/3681/9616960266_8049649d5f.jpg,Omaha
https://farm1.staticflickr.com/41/75799399_77c923c994.jpg,Omaha
https://farm1.staticflickr.com/23/31834445_a5abea27f0.jpg,Omaha
https://farm4.staticflickr.com/3356/3571472017_09915fa771.jpg,Omaha
https://farm4.staticflickr.com/3689/9904038754_b84d081a65.jpg,Omaha
https://farm5.staticflickr.com/4118/4908316944_8d7f69095f.jpg,Colorado Springs
https://farm3.staticflickr.com/2558/3899179493_619b562808.jpg,Colorado Springs
https://farm6.staticflickr.com/5310/5593031525_f55a2e1353.jpg,Colorado Springs
https://farm9.staticflickr.com/8147/7138996325_6c3d4ac87a.jpg,Colorado Springs
https://farm3.staticflickr.com/2688/4498460343_6584852150.jpg,Colorado Springs
https://farm6.staticflickr.com/5500/9312586532_9c6b31f541.jpg,Colorado Springs
https://farm6.staticflickr.com/5292/5579793475_e5c055d558_z.jpg,Colorado Springs
https://farm3.staticflickr.com/2799/4499090654_79ac5b4dfd.jpg,Colorado Springs
https://farm5.staticflickr.com/4146/4993661864_47e00d5201.jpg,Colorado Springs
https://farm4.staticflickr.com/3101/2510677886_4bb1b4c213.jpg,Colorado Springs
https://farm9.staticflickr.com/8521/8675421999_bb9d7e807a.jpg,Colorado Springs
https://farm7.staticflickr.com/6038/6291825608_ea4c79a766.jpg,Oakland
https://farm8.staticflickr.com/7174/6752027503_428952cb76.jpg,Oakland
https://farm3.staticflickr.com/2023/2211595647_5d567b4162.jpg,Oakland
https://farm6.staticflickr.com/5335/8777480870_1355846ce8.jpg,Oakland
https://farm4.staticflickr.com/3700/9481899406_1b887f0fc3.jpg,Oakland
https://farm4.staticflickr.com/3503/3179331172_529c0f0f52.jpg,Oakland
https://farm4.staticflickr.com/3472/3390446963_c2b8edcb63.jpg,Oakland
https://farm4.staticflickr.com/3408/3178486033_8500b4544d.jpg,Oakland
https://farm3.staticflickr.com/2461/3850071077_32824a74f4.jpg,Oakland
https://farm4.staticflickr.com/3473/3178476647_a883226740.jpg,Oakland
https://farm4.staticflickr.com/3507/3178494155_a5db16d2a4.jpg,Oakland
https://farm6.staticflickr.com/5461/9734679126_7a6c3a2288_c.jpg,Miami
https://farm4.staticflickr.com/3371/3654698406_b14e9a4abe_z.jpg,Miami
https://farm7.staticflickr.com/6023/5952928970_c184a16389_z.jpg,Miami
https://farm7.staticflickr.com/6013/5952368151_f32f542fac.jpg,Miami
https://farm6.staticflickr.com/5084/5313080404_3f2672fd9d.jpg,Miami
https://farm3.staticflickr.com/2782/4060335603_403c345063.jpg,Miami
https://farm4.staticflickr.com/3734/9777574205_0c1c5f17a1_z.jpg,Miami
https://farm6.staticflickr.com/5551/14785920602_9219287d28_h.jpg,Miami
https://farm4.staticflickr.com/3195/2832168161_5f8dc410c9.jpg,Miami
https://farm4.staticflickr.com/3478/3695965689_4a1af6c5f2.jpg,Miami
https://farm6.staticflickr.com/5284/5302653557_e351aca224.jpg,Miami
https://farm8.staticflickr.com/7097/7207328788_248bbd371e.jpg,Tulsa
https://farm6.staticflickr.com/5263/5595298727_ef2cfcbff6.jpg,Tulsa
https://farm5.staticflickr.com/4082/4892512630_9a1e468499.jpg,Tulsa
https://farm8.staticflickr.com/7382/10274034733_2416e5eaf9.jpg,Tulsa
https://farm8.staticflickr.com/7438/13052379324_c0c1217582.jpg,Tulsa
https://farm4.staticflickr.com/3731/11293621084_3e21e0e10d.jpg,Tulsa
https://farm1.staticflickr.com/54/185190544_b11dbb5d4a.jpg,Tulsa
https://farm9.staticflickr.com/8298/7767654344_c786af284b.jpg,Tulsa
https://farm8.staticflickr.com/7541/16002042695_0652081bb8.jpg,Tulsa
https://farm6.staticflickr.com/5535/12650373493_ceb67bfe50.jpg,Tulsa
https://farm8.staticflickr.com/7531/15619550847_c2472a5713.jpg,Tulsa
https://farm4.staticflickr.com/3310/5830776273_e4d03ac6cd.jpg,Minneapolis
https://farm8.staticflickr.com/7171/6655911255_15ce6dd570.jpg,Minneapolis
https://farm5.staticflickr.com/4110/5000778149_76a7c06e62.jpg,Minneapolis
https://farm3.staticflickr.com/2639/4113261113_5b29110056.jpg,Minneapolis
https://farm5.staticflickr.com/4068/4582522186_dc382be9d6.jpg,Minneapolis
https://farm3.staticflickr.com/2092/2599111586_0ec1cf549c.jpg,Minneapolis
https://farm8.staticflickr.com/7024/6523202201_7d4da24f35.jpg,Minneapolis
https://farm6.staticflickr.com/5261/5672894420_3281f5b821.jpg,Minneapolis
https://farm6.staticflickr.com/5204/5351074406_6b9f997826.jpg,Minneapolis
https://farm2.staticflickr.com/1202/4728986800_9a980d115c.jpg,Minneapolis
https://farm3.staticflickr.com/2709/4182409904_7a0af375f8_z.jpg,Minneapolis
https://farm8.staticflickr.com/7250/7109721751_2ce3abb315_z.jpg,Honolulu
https://farm6.staticflickr.com/5145/5683025779_1eb0bfae6e.jpg,Honolulu
https://farm8.staticflickr.com/7360/11085612244_aa7f7f1e6c_h.jpg,Honolulu
https://farm3.staticflickr.com/2431/5720090868_3b747847d0.jpg,Honolulu
https://farm4.staticflickr.com/3705/9609551187_cc026194c0.jpg,Honolulu
https://farm4.staticflickr.com/3044/4615035208_7c6a8a9763.jpg,Honolulu
https://farm8.staticflickr.com/7012/6442530843_53504c7049.jpg,Honolulu
https://farm3.staticflickr.com/2658/4132974643_e47a5e938e.jpg,Honolulu
https://farm6.staticflickr.com/5302/5641315846_bbda171f1b.jpg,Honolulu
https://farm6.staticflickr.com/5577/15232069522_bb3d134b64_c.jpg,Honolulu
https://farm9.staticflickr.com/8334/8140184657_f822090293.jpg,Honolulu
https://farm9.staticflickr.com/8042/7904095110_855b9f3411.jpg,Arlington
https://farm8.staticflickr.com/7426/13000596185_68259c58d8.jpg,Arlington
https://farm3.staticflickr.com/2838/8846842604_92d2032089.jpg,Arlington
https://farm6.staticflickr.com/5343/6924381754_db99f9405b.jpg,Arlington
https://farm3.staticflickr.com/2896/14084704828_b11a73dee3_z.jpg,Arlington
https://farm9.staticflickr.com/8192/8139536876_b593a1c785.jpg,Arlington
https://farm8.staticflickr.com/7091/7164836319_fb2e4408b8.jpg,Arlington
https://farm4.staticflickr.com/3178/3021552032_192d51145d.jpg,Arlington
https://farm3.staticflickr.com/2654/4103488987_b38c30a05d.jpg,Arlington
https://farm4.staticflickr.com/3848/14761335663_a75a76296f_z.jpg,Arlington
https://farm6.staticflickr.com/5566/14851299427_79e7bb0494.jpg,Arlington
https://farm4.staticflickr.com/3895/14478186516_65ba93ea56_z.jpg,Wichita
https://farm3.staticflickr.com/2393/2235602248_18b164e418.jpg,Wichita
https://farm8.staticflickr.com/7524/15801657659_3017a86a3c_z.jpg,Wichita
https://farm4.staticflickr.com/3307/3499310732_96709784f8.jpg,Wichita
https://farm3.staticflickr.com/2394/2530152120_fa415825a4.jpg,Wichita
https://farm6.staticflickr.com/5596/14520764162_d48f0026f2.jpg,Wichita
https://farm3.staticflickr.com/2225/2495730463_455f7f2ae6_z.jpg,Wichita
https://farm3.staticflickr.com/2785/4150062399_0d0d685a7c_z.jpg,Wichita
https://farm2.staticflickr.com/1401/1228101819_a6be02badf_z.jpg?zz=1,Wichita
https://farm3.staticflickr.com/2947/15186337298_27f7e9c098.jpg,Wichita
https://farm9.staticflickr.com/8012/7397690604_b5ef39a0d9_z.jpg,Wichita
https://farm9.staticflickr.com/8427/7498217472_6f9f0eef83.jpg,St. Louis
https://farm5.staticflickr.com/4107/5073874126_9bdd1d35e1.jpg,St. Louis
https://farm4.staticflickr.com/3111/2892819544_fe0b432329.jpg,St. Louis
https://farm5.staticflickr.com/4092/5064218016_631bd0e80c.jpg,St. Louis
https://farm5.staticflickr.com/4029/4505860653_2a25107400.jpg,St. Louis
https://farm8.staticflickr.com/7170/6840632395_c415cba8f3_z.jpg,St. Louis
https://farm5.staticflickr.com/4049/4283492313_758ccc4aa5.jpg,St. Louis
https://farm1.staticflickr.com/78/182199508_f6b42e0185_z.jpg,St. Louis
https://farm9.staticflickr.com/8431/7570285570_895f4eef9e.jpg,St. Louis
https://farm5.staticflickr.com/4141/4912774476_22170aea6f.jpg,St. Louis
https://farm8.staticflickr.com/7301/12626205933_f188b5f858.jpg,St. Louis
https://farm4.staticflickr.com/3360/3584292680_35c38c8010.jpg,Raleigh
https://farm3.staticflickr.com/2452/4035345565_79298dddd5.jpg,Raleigh
https://farm2.staticflickr.com/1260/1255661937_e618e3ae73.jpg,Raleigh
https://farm8.staticflickr.com/7433/11407579055_ed25d9eb58.jpg,Raleigh
https://farm2.staticflickr.com/1072/530414843_911a176454.jpg,Raleigh
https://farm4.staticflickr.com/3317/3223505099_2489f11d0f.jpg,Raleigh
https://farm1.staticflickr.com/23/27389891_337b7e771e_z.jpg,Raleigh
https://farm4.staticflickr.com/3113/2680131221_e832fdd1ab_z.jpg,Raleigh
https://farm4.staticflickr.com/3508/3278045436_eacc010358.jpg,Raleigh
https://farm1.staticflickr.com/48/110451854_90cf1a7e44.jpg,Raleigh
https://farm1.staticflickr.com/22/27375800_15e076be04.jpg,Raleigh
https://farm5.staticflickr.com/4080/4817355386_5b83d48919.jpg,Santa Ana
https://farm5.staticflickr.com/4092/4830954533_f4091e5450.jpg,Santa Ana
https://farm6.staticflickr.com/5511/9683528198_a2444f13e0.jpg,Santa Ana
https://farm3.staticflickr.com/2592/4171293284_853b624008.jpg,Santa Ana
https://farm8.staticflickr.com/7383/9737342225_a08c1bb341.jpg,Santa Ana
https://farm1.staticflickr.com/79/254748034_468182527e.jpg,Santa Ana
https://farm7.staticflickr.com/6164/6181527088_0f44b49184.jpg,Santa Ana
https://farm5.staticflickr.com/4116/4830954723_812b19230e.jpg,Santa Ana
https://farm8.staticflickr.com/7404/14173338854_62ee7b6497.jpg,Santa Ana
https://farm6.staticflickr.com/5537/14047721449_dd17f0ed0c.jpg,Santa Ana
https://farm9.staticflickr.com/8299/7906420038_9b7aa05cdc.jpg,Santa Ana
https://farm3.staticflickr.com/2499/4079612768_2c040c2baa.jpg,Cincinnati
https://farm8.staticflickr.com/7001/6387051087_598dbdf32f.jpg,Cincinnati
https://farm9.staticflickr.com/8067/8240277618_16dd86a577.jpg,Cincinnati
https://farm4.staticflickr.com/3089/2635591197_8ec34f9853.jpg,Cincinnati
https://farm6.staticflickr.com/5236/7179346585_75f3a63816.jpg,Cincinnati
https://farm7.staticflickr.com/6179/6173029528_4c1decbf6a.jpg,Cincinnati
https://farm9.staticflickr.com/8206/8251023067_77729b1ece.jpg,Cincinnati
https://farm3.staticflickr.com/2021/2212908830_c8efc1fba5_z.jpg,Cincinnati
https://farm1.staticflickr.com/184/397375540_4210379e92.jpg,Cincinnati
https://farm9.staticflickr.com/8290/7854536172_394892637b.jpg,Cincinnati
https://farm9.staticflickr.com/8484/8243032311_14c7e4ac7a.jpg,Cincinnati
https://farm4.staticflickr.com/3625/3348568229_e926de1707.jpg,Anaheim
https://farm6.staticflickr.com/5071/14155983086_54cb73feb1.jpg,Anaheim
https://farm3.staticflickr.com/2936/14748542696_d5cf1c755f.jpg,Anaheim
https://farm5.staticflickr.com/4048/4581393961_de8507f326.jpg,Anaheim
https://farm6.staticflickr.com/5556/14592172458_f3b7eced5c.jpg,Anaheim
https://farm3.staticflickr.com/2509/4102849957_4836ba09fc_z.jpg,Anaheim
https://farm3.staticflickr.com/2710/4226906430_0b7f7ec8f1_z.jpg,Anaheim
https://farm4.staticflickr.com/3018/2977717726_b4ff4099b7.jpg,Anaheim
https://farm7.staticflickr.com/6050/6426572613_aace941c19_z.jpg,Anaheim
https://farm7.staticflickr.com/6034/6380654533_3dcb72d731_z.jpg,Anaheim
https://farm7.staticflickr.com/6159/6163966732_9e8f473265_z.jpg,Anaheim
https://farm4.staticflickr.com/3328/3346062806_f309bd5fb0.jpg,Tampa
https://farm8.staticflickr.com/7376/12103327406_f3e81d23d0.jpg,Tampa
https://farm4.staticflickr.com/3783/12894986894_216784b6a7.jpg,Tampa
https://farm8.staticflickr.com/7061/6887824514_4c8ec03e20.jpg,Tampa
https://farm6.staticflickr.com/5509/11299955563_4ae5019899_z.jpg,Tampa
https://farm8.staticflickr.com/7277/6939883154_7abed3fe7b.jpg,Tampa
https://farm6.staticflickr.com/5522/9219383198_b0360528cb.jpg,Tampa
https://farm8.staticflickr.com/7043/6819006338_79a0a33050.jpg,Tampa
https://farm4.staticflickr.com/3698/9448328720_ba9c0ec571.jpg,Tampa
https://farm6.staticflickr.com/5474/12297762655_2898e61c5e.jpg,Tampa
https://farm4.staticflickr.com/3828/9519831270_0240885209.jpg,Tampa
https://farm1.staticflickr.com/116/302051503_b229f0c4ae_z.jpg,Toledo
https://farm1.staticflickr.com/102/302051184_c37dbe55ee_z.jpg,Toledo
https://farm7.staticflickr.com/6095/6247885746_0a1a1a973f.jpg,Toledo
https://farm8.staticflickr.com/7052/6792589616_cbf024c8f3.jpg,Toledo
https://farm8.staticflickr.com/7105/7336481910_0dd46f9f42_z.jpg,Toledo
https://farm4.staticflickr.com/3131/3088105034_8ac7dcc5e4.jpg,Toledo
https://farm6.staticflickr.com/5091/5499642494_b60ceb3426.jpg,Toledo
https://farm4.staticflickr.com/3729/11254642754_0cab75d58e.jpg,Toledo
https://farm8.staticflickr.com/7244/7233325514_a411cdfab8.jpg,Toledo
https://farm4.staticflickr.com/3685/9317215686_bf2bc854e5.jpg,Toledo
https://farm7.staticflickr.com/6145/6208665821_a47479517e.jpg,Toledo
https://farm4.staticflickr.com/3299/3296940594_0f595ca5ed.jpg,Pittsburgh
https://farm3.staticflickr.com/2674/4090479485_f401d4b456_z.jpg?zz=1,Pittsburgh
https://farm9.staticflickr.com/8242/8621089990_11409c6104.jpg,Pittsburgh
https://farm4.staticflickr.com/3659/5820179578_322e783f2a.jpg,Pittsburgh
https://farm9.staticflickr.com/8100/8498519707_8683fd456f.jpg,Pittsburgh
https://farm5.staticflickr.com/4112/5206765422_82c7abf8ee.jpg,Pittsburgh
https://farm4.staticflickr.com/3147/2685670270_36bc131a96_z.jpg,Pittsburgh
https://farm8.staticflickr.com/7108/6997780866_cdafa70877.jpg,Pittsburgh
https://farm6.staticflickr.com/5280/7174196316_427f3a15f8.jpg,Pittsburgh
https://farm2.staticflickr.com/1078/624592660_ef1b766d14.jpg,Pittsburgh
https://farm9.staticflickr.com/8042/7977343998_c08bea2af2.jpg,Pittsburgh
https://farm9.staticflickr.com/8160/7576802768_747b1fe40d.jpg,Aurora
https://farm8.staticflickr.com/7169/13267643083_538194f12a_c.jpg,Aurora
https://farm8.staticflickr.com/7430/12956333645_b1f214610a_h.jpg,Aurora
https://farm2.staticflickr.com/1029/1054046067_e22e7bc6a2_z.jpg?zz=1,Aurora
https://farm2.staticflickr.com/1088/1054046071_9a6fc75c9a.jpg,Aurora
https://farm4.staticflickr.com/3747/9997788474_5ffd79a330_z.jpg,Aurora
https://farm8.staticflickr.com/7308/13027146284_3e6113df3f_z.jpg,Aurora
https://farm4.staticflickr.com/3907/14832459401_4480d16733_z.jpg,Aurora
https://farm2.staticflickr.com/1425/1054046131_e4ed0037e6.jpg,Aurora
https://farm9.staticflickr.com/8231/8402651149_654000b4d8.jpg,Aurora
https://farm2.staticflickr.com/1157/1054046043_82c48223f1.jpg,Aurora
https://farm8.staticflickr.com/7332/9461929706_08ed2a80f4.jpg,Bakersfield
https://farm1.staticflickr.com/146/329820320_014ad14208.jpg,Bakersfield
https://farm4.staticflickr.com/3699/12052412255_f9861514ac.jpg,Bakersfield
https://farm5.staticflickr.com/4115/4824284812_b295da67d3_z.jpg,Bakersfield
https://farm9.staticflickr.com/8220/8439502179_860dc0b226.jpg,Bakersfield
https://farm5.staticflickr.com/4036/4654836923_ac4bfa0c55.jpg,Bakersfield
https://farm6.staticflickr.com/5478/9345787369_3c2b8b72fe.jpg,Bakersfield
https://farm9.staticflickr.com/8576/15638560969_045b24c23c_z.jpg,Bakersfield
https://farm5.staticflickr.com/4002/4654840909_bcdc148603.jpg,Bakersfield
https://farm8.staticflickr.com/7082/7234561092_965d3254a0_z.jpg,Bakersfield
https://farm4.staticflickr.com/3135/2901031710_c0ef95e3cd.jpg,Bakersfield
https://farm6.staticflickr.com/5614/15811150166_b23226864f_z.jpg,Riverside
https://farm7.staticflickr.com/6185/6113215420_7f1f24ceb6.jpg,Riverside
https://farm4.staticflickr.com/3676/9521143325_fa8e92600a_z.jpg,Riverside
https://farm8.staticflickr.com/7407/9737987537_268c1ba34f.jpg,Riverside
https://farm4.staticflickr.com/3096/3154462963_38b72fab82.jpg,Riverside
https://farm4.staticflickr.com/3296/3027356318_76f65a59e0.jpg,Riverside
https://farm9.staticflickr.com/8042/7894847172_d010f4685f_c.jpg,Riverside
https://farm4.staticflickr.com/3133/3155297848_fc1d03896e.jpg,Riverside
https://farm4.staticflickr.com/3229/3125979557_a20f2817e4.jpg,Riverside
https://farm4.staticflickr.com/3904/14292410150_58cdf889f6_z.jpg,Riverside
https://farm3.staticflickr.com/2545/4144924254_e271b6a546.jpg,Riverside
https://farm3.staticflickr.com/2837/9704049909_f9929b2553.jpg,Stockton
https://farm7.staticflickr.com/6007/5996369769_c2dab3e72d.jpg,Stockton
https://farm5.staticflickr.com/4142/4773008972_05d368ef92.jpg,Stockton
https://farm4.staticflickr.com/3731/10698698033_ccf2796fe9.jpg,Stockton
https://farm4.staticflickr.com/3263/3183413533_5a6578c324_z.jpg?zz=1,Stockton
https://farm8.staticflickr.com/7351/9638137061_4d6e7515bb.jpg,Stockton
https://farm9.staticflickr.com/8323/8116170325_3fd05b7130.jpg,Stockton
https://farm9.staticflickr.com/8258/8629998168_130a44fc54.jpg,Stockton
https://farm7.staticflickr.com/6150/5966872230_c0de61297f.jpg,Stockton
https://farm8.staticflickr.com/7102/7165886633_3100e9de1a.jpg,Stockton
https://farm6.staticflickr.com/5235/14210049173_45674fe602.jpg,Stockton
https://farm5.staticflickr.com/4106/5034877601_bf4ab558ed.jpg,Corpus Christi
https://farm7.staticflickr.com/6062/6036999033_d6ba7f117a_z.jpg,Corpus Christi
https://farm7.staticflickr.com/6006/6021385276_21bcc35676.jpg,Corpus Christi
https://farm1.staticflickr.com/18/22860123_056b3e1f92.jpg,Corpus Christi
https://farm9.staticflickr.com/8366/8442286303_43f778b0db.jpg,Corpus Christi
https://farm8.staticflickr.com/7090/7162614117_0f2b759e9b.jpg,Corpus Christi
https://farm8.staticflickr.com/7406/10102027136_431d23d109.jpg,Corpus Christi
https://farm9.staticflickr.com/8330/8446007395_f184540021_z.jpg,Corpus Christi
https://farm4.staticflickr.com/3690/10102050796_73b2729a19.jpg,Corpus Christi
https://farm8.staticflickr.com/7063/14093634182_e498eeab57.jpg,Corpus Christi
https://farm8.staticflickr.com/7366/14102425753_17de3b36eb.jpg,Corpus Christi
https://farm6.staticflickr.com/5505/9102972224_0d7578ee38.jpg,Lexington-Fayette
https://farm5.staticflickr.com/4140/4810465109_5dec343209.jpg,Lexington-Fayette
https://farm5.staticflickr.com/4119/4810469179_30344f3878.jpg,Lexington-Fayette
https://farm8.staticflickr.com/7147/6469735157_349835c1c7.jpg,Lexington-Fayette
https://farm5.staticflickr.com/4097/4811027696_b2085a7951.jpg,Lexington-Fayette
https://farm8.staticflickr.com/7151/6405285313_00a857e448.jpg,Lexington-Fayette
https://farm3.staticflickr.com/2753/4414778789_692efce1eb.jpg,Lexington-Fayette
https://farm5.staticflickr.com/4066/4717122279_39a1dcf33e.jpg,Lexington-Fayette
https://farm5.staticflickr.com/4062/4717186791_94e67c0a55.jpg,Lexington-Fayette
https://farm5.staticflickr.com/4020/4717857572_38ecc44211.jpg,Lexington-Fayette
https://farm5.staticflickr.com/4029/4717217571_95fb9c80be.jpg,Lexington-Fayette
https://farm6.staticflickr.com/5448/14149021354_02c3ebeff7.jpg,Buffalo
https://farm4.staticflickr.com/3054/3077663598_b73d65c24b.jpg,Buffalo
https://farm4.staticflickr.com/3668/13344705193_059a9f45df.jpg,Buffalo
https://farm4.staticflickr.com/3912/14380904158_9aae67b663.jpg,Buffalo
https://farm8.staticflickr.com/7379/14155845776_2f0c860fee.jpg,Buffalo
https://farm4.staticflickr.com/3953/15353142700_04887dbe8b_z.jpg,Buffalo
https://farm4.staticflickr.com/3325/4588389702_1cd102d6f7.jpg,Buffalo
https://farm4.staticflickr.com/3866/15139871541_3a1fe81cb1.jpg,Buffalo
https://farm4.staticflickr.com/3943/15609266451_fdc1b94df8_z.jpg,Buffalo
https://farm3.staticflickr.com/2450/3767168437_38d386b590.jpg,Buffalo
https://farm1.staticflickr.com/167/453746559_80a1eb6f73.jpg,Buffalo
https://farm5.staticflickr.com/4073/4901401714_5908cdc78f.jpg,St. Paul
https://farm6.staticflickr.com/5116/5913265359_165555accc.jpg,St. Paul
https://farm7.staticflickr.com/6030/5948476886_b6c7949566.jpg,St. Paul
https://farm8.staticflickr.com/7047/6798966022_62368df462_z.jpg,St. Paul
https://farm7.staticflickr.com/6189/6077754207_a2a03861a5.jpg,St. Paul
https://farm3.staticflickr.com/2859/10430724056_00d193e3e2_z.jpg,St. Paul
https://farm3.staticflickr.com/2598/4038147123_73d478bb60.jpg,St. Paul
https://farm9.staticflickr.com/8493/8258687476_fd40796b59.jpg,St. Paul
https://farm5.staticflickr.com/4055/4219252197_de0011e10b.jpg,St. Paul
https://farm9.staticflickr.com/8518/8424571441_d9cdccfc0c.jpg,St. Paul
https://farm4.staticflickr.com/3175/2498594160_806d951af4_z.jpg,St. Paul
https://farm6.staticflickr.com/5049/5641756729_ef6f2529fe.jpg,Anchorage
https://farm7.staticflickr.com/6094/6287399455_deb0806ed3.jpg,Anchorage
https://farm8.staticflickr.com/7032/6470161617_02fa3ac906_z.jpg,Anchorage
https://farm8.staticflickr.com/7158/6682271287_b3587b940a.jpg,Anchorage
https://farm8.staticflickr.com/7028/6580358157_272c0b9fe7.jpg,Anchorage
https://farm7.staticflickr.com/6069/6055488259_ecf132ec02.jpg,Anchorage
https://farm8.staticflickr.com/7171/6625387379_25328b2888.jpg,Anchorage
https://farm8.staticflickr.com/7172/6774704995_2c59faec09.jpg,Anchorage
https://farm8.staticflickr.com/7030/6693529133_6a16b2af9f.jpg,Anchorage
https://farm9.staticflickr.com/8216/8412338375_b5acb5a098_h.jpg,Anchorage
https://farm7.staticflickr.com/6114/6359826959_333c20d281_z.jpg,Anchorage
https://farm1.staticflickr.com/124/320919737_c7579c2c1e.jpg,Newark
https://farm6.staticflickr.com/5074/14108509677_f02bd24827.jpg,Newark
https://farm9.staticflickr.com/8465/8083357590_820f67e101.jpg,Newark
https://farm4.staticflickr.com/3789/11649475804_1d8ac7df0d.jpg,Newark
https://farm3.staticflickr.com/2120/2523682967_39a11fe9e3.jpg,Newark
https://farm1.staticflickr.com/32/41924416_fcd1e0d8ef.jpg,Newark
https://farm7.staticflickr.com/6034/6273351385_caca74684e_z.jpg,Newark
https://farm6.staticflickr.com/5590/14739578488_5388e86a91.jpg,Newark
https://farm8.staticflickr.com/7416/9481129528_9266565d7a_z.jpg,Newark
https://farm8.staticflickr.com/7044/6864908329_4312787aab_z.jpg,Newark
https://farm8.staticflickr.com/7351/9640906998_dcbaacb733.jpg,Newark
https://farm7.staticflickr.com/6194/6156943322_eeeba5e0f6_z.jpg,Plano
https://farm4.staticflickr.com/3575/3351039270_77a72c8043.jpg,Plano
https://farm4.staticflickr.com/3838/15274828076_a98f7f8047_h.jpg,Plano
https://farm3.staticflickr.com/2530/3802613295_1af90393eb_z.jpg,Plano
https://farm7.staticflickr.com/6015/6018786505_f345027231.jpg,Plano
https://farm3.staticflickr.com/2948/15332770996_08e373fd92.jpg,Plano
https://farm7.staticflickr.com/6014/5952351809_fa7eac30d8_z.jpg,Plano
https://farm5.staticflickr.com/4145/5027973220_dd561ecf37.jpg,Plano
https://farm5.staticflickr.com/4088/5019879728_5981a6b193.jpg,Plano
https://farm4.staticflickr.com/3843/15345828022_05d7233bff.jpg,Plano
https://farm3.staticflickr.com/2812/9621714303_cf3bfaae60_z.jpg,Plano
https://farm6.staticflickr.com/5088/5332408309_d1faaaf19d.jpg,Fort Wayne
https://farm5.staticflickr.com/4082/4829929431_e092666af5.jpg,Fort Wayne
https://farm3.staticflickr.com/2121/2177575877_8b1c66ab0b.jpg,Fort Wayne
https://farm7.staticflickr.com/6134/5995407343_2a7283aeb4.jpg,Fort Wayne
https://farm1.staticflickr.com/146/383019579_be56c0ed1d.jpg,Fort Wayne
https://farm6.staticflickr.com/5503/9275776630_7fa6acc035.jpg,Fort Wayne
https://farm8.staticflickr.com/7321/9272991245_c7a1330d8e.jpg,Fort Wayne
https://farm8.staticflickr.com/7212/6879231970_8e764af7a6.jpg,Fort Wayne
https://farm3.staticflickr.com/2901/14526517885_96cf2afd25.jpg,Fort Wayne
https://farm6.staticflickr.com/5145/5598750696_22cbe0e23a_z.jpg,Fort Wayne
https://farm9.staticflickr.com/8209/8192466394_1482253023_z.jpg,Fort Wayne
https://farm2.staticflickr.com/1284/4700792386_828bce83a9.jpg,St. Petersburg
https://farm5.staticflickr.com/4054/4666290812_ab0296f404.jpg,St. Petersburg
https://farm9.staticflickr.com/8195/8127097152_6dff647a52.jpg,St. Petersburg
https://farm5.staticflickr.com/4047/4669008430_6703b2ee10.jpg,St. Petersburg
https://farm4.staticflickr.com/3834/9487799920_1beebb1d09.jpg,St. Petersburg
https://farm7.staticflickr.com/6239/6238050281_99c31e543a.jpg,St. Petersburg
https://farm9.staticflickr.com/8071/8273780634_a5c67197e1_z.jpg,St. Petersburg
https://farm9.staticflickr.com/8080/8344272206_0bf2bc25ee_h.jpg,St. Petersburg
https://farm9.staticflickr.com/8228/8369157284_c5efd899e1.jpg,St. Petersburg
https://farm4.staticflickr.com/3281/2852609589_2d5dc3c277.jpg,St. Petersburg
https://farm4.staticflickr.com/3791/9397166318_f307a0c8d6_h.jpg,St. Petersburg
https://farm8.staticflickr.com/7367/10830527515_7b8b497aba.jpg,Glendale
https://farm4.staticflickr.com/3917/15151525170_8c211a91db.jpg,Glendale
https://farm2.staticflickr.com/1073/5103390719_53c52b2aeb_z.jpg,Glendale
https://farm8.staticflickr.com/7333/11221959345_0f9bf0ffb1.jpg,Glendale
https://farm4.staticflickr.com/3623/3305365195_de9280ea93.jpg,Glendale
https://farm8.staticflickr.com/7368/11011912165_d2887b0646.jpg,Glendale
https://farm7.staticflickr.com/6055/6269337955_18aa6f97b2.jpg,Glendale
https://farm1.staticflickr.com/69/204185875_6d72a57918.jpg,Glendale
https://farm4.staticflickr.com/3376/3551450938_f8b245818d.jpg,Glendale
https://farm8.staticflickr.com/7408/9432473774_b6ab689ec4.jpg,Glendale
https://farm4.staticflickr.com/3703/10927089956_f49c5ba960.jpg,Glendale
https://farm6.staticflickr.com/5340/9592786984_51440c171d.jpg,Lincoln
https://farm9.staticflickr.com/8491/8333235505_a0be40527c.jpg,Lincoln
https://farm6.staticflickr.com/5600/15365494519_6eb4d62729.jpg,Lincoln
https://farm4.staticflickr.com/3673/9223125923_66e65ffffa.jpg,Lincoln
https://farm4.staticflickr.com/3778/9610766556_afec8692ba.jpg,Lincoln
https://farm8.staticflickr.com/7451/8935891156_6a7ba16f81.jpg,Lincoln
https://farm9.staticflickr.com/8115/8627714059_8cde670b02.jpg,Lincoln
https://farm7.staticflickr.com/6102/6225960810_b7baac6f2c_z.jpg,Lincoln
https://farm9.staticflickr.com/8056/8353411001_64dbab4f67.jpg,Lincoln
https://farm1.staticflickr.com/8/7384768_127b1fdf4b.jpg,Lincoln
https://farm9.staticflickr.com/8087/8480062856_ba0604e95f.jpg,Lincoln
https://farm4.staticflickr.com/3721/9435481855_6425ccaf89.jpg,Norfolk
https://farm4.staticflickr.com/3060/2987309302_a2c666820e.jpg,Norfolk
https://farm3.staticflickr.com/2306/2497516487_fbbaf96215.jpg,Norfolk
https://farm3.staticflickr.com/2893/9416877196_58b053ae00.jpg,Norfolk
https://farm8.staticflickr.com/7145/6723118733_09a727ce13.jpg,Norfolk
https://farm8.staticflickr.com/7442/11136999936_a21c3c6437.jpg,Norfolk
https://farm9.staticflickr.com/8235/8541805986_abf4f92011.jpg,Norfolk
https://farm8.staticflickr.com/7315/13552981004_0c91f3dc83.jpg,Norfolk
https://farm8.staticflickr.com/7135/7810274694_fd2a63058c.jpg,Norfolk
https://farm8.staticflickr.com/7074/7232327784_41e0c6d919.jpg,Norfolk
https://farm6.staticflickr.com/5448/9452872734_5a4e0af49e.jpg,Norfolk
https://farm8.staticflickr.com/7574/15717291347_2351b8fa05_z.jpg,Jersey City
https://farm4.staticflickr.com/3691/11203078526_90d94d1f68.jpg,Jersey City
https://farm6.staticflickr.com/5564/14675772262_c73ca02c2d.jpg,Jersey City
https://farm3.staticflickr.com/2936/14033107378_4c42753223.jpg,Jersey City
https://farm8.staticflickr.com/7365/9131943852_b22120c72e.jpg,Jersey City
https://farm9.staticflickr.com/8237/8472515362_46ee07a433.jpg,Jersey City
https://farm8.staticflickr.com/7495/15199039653_c7bd90e579.jpg,Jersey City
https://farm3.staticflickr.com/2918/14372764290_e7a8fa83cb.jpg,Jersey City
https://farm8.staticflickr.com/7294/8743196322_a0c32c5dd9_z.jpg,Jersey City
https://farm8.staticflickr.com/7533/15150262934_d0a3153efa.jpg,Jersey City
https://farm8.staticflickr.com/7023/13952420732_ab8c4bc489.jpg,Jersey City
https://farm4.staticflickr.com/3791/13613274133_fced4a14d3.jpg,Greensboro
https://farm1.staticflickr.com/234/446451793_13c88f8180_z.jpg,Greensboro
https://farm4.staticflickr.com/3285/2913389286_b33e77f3ac_z.jpg?zz=1,Greensboro
https://farm6.staticflickr.com/5080/14362915665_d89b652538.jpg,Greensboro
https://farm4.staticflickr.com/3613/3607846568_c860de356a.jpg,Greensboro
https://farm6.staticflickr.com/5011/5579759597_985dbcfbb7.jpg,Greensboro
https://farm3.staticflickr.com/2374/1693905068_795273a1ac.jpg,Greensboro
https://farm3.staticflickr.com/2720/4457874293_4bdb3f5e14.jpg,Greensboro
https://farm9.staticflickr.com/8251/8614408001_8d5383d153_z.jpg,Greensboro
https://farm8.staticflickr.com/7277/7866831908_55c79d72ab.jpg,Greensboro
https://farm6.staticflickr.com/5460/8755296770_97b265783a.jpg,Greensboro
https://farm9.staticflickr.com/8203/8214175388_024faba8bc.jpg,Chandler
https://farm8.staticflickr.com/7039/7075057911_d632c8963f.jpg,Chandler
https://farm6.staticflickr.com/5596/14796025305_b6ac1595e6.jpg,Chandler
https://farm4.staticflickr.com/3183/2939875326_a4c8c78abf.jpg,Chandler
https://farm6.staticflickr.com/5519/10363566965_7432a6b4f1.jpg,Chandler
https://farm4.staticflickr.com/3536/3751259544_639b115e1b.jpg,Chandler
https://farm6.staticflickr.com/5048/5377479313_f2a628e40f.jpg,Chandler
https://farm2.staticflickr.com/1303/1137135666_8a1c3ccff4.jpg,Chandler
https://farm1.staticflickr.com/158/395390261_a372d8ef08.jpg,Chandler
https://farm9.staticflickr.com/8252/8633795843_fbe592b454.jpg,Chandler
https://farm4.staticflickr.com/3886/14486822642_309bc91868.jpg,Chandler
https://farm6.staticflickr.com/5214/5483516568_8f4ce72309.jpg,Birmingham
https://farm6.staticflickr.com/5292/5478850294_f47e145a7a.jpg,Birmingham
https://farm6.staticflickr.com/5211/5490072218_e2a29cf914.jpg,Birmingham
https://farm6.staticflickr.com/5181/5787767827_56ca9f329a_z.jpg,Birmingham
https://farm4.staticflickr.com/3157/2981788792_5982c2bfee.jpg,Birmingham
https://farm8.staticflickr.com/7104/7222741318_e1708a3784.jpg,Birmingham
https://farm6.staticflickr.com/5108/5877484985_1dddab3d69.jpg,Birmingham
https://farm5.staticflickr.com/4008/4531594450_02a4f0b4b8.jpg,Birmingham
https://farm4.staticflickr.com/3232/2958983184_d35053bbbe.jpg,Birmingham
https://farm6.staticflickr.com/5121/5349826033_ce7736c114.jpg,Birmingham
https://farm3.staticflickr.com/2177/5710692385_2464f54cbc.jpg,Birmingham
https://farm6.staticflickr.com/5575/15030305236_919364ea98_z.jpg,Henderson
https://farm5.staticflickr.com/4131/4950922285_fdb6820c32.jpg,Henderson
https://farm4.staticflickr.com/3954/14913638414_33c2e19432.jpg,Henderson
https://farm3.staticflickr.com/2691/4310662424_8f4f27ca04.jpg,Henderson
https://farm9.staticflickr.com/8293/7728542994_5701cdc6f4.jpg,Henderson
https://farm8.staticflickr.com/7175/6768569137_a67e229faa.jpg,Henderson
https://farm3.staticflickr.com/2760/4239921942_94f92e9f0b.jpg,Henderson
https://farm4.staticflickr.com/3602/3490434415_0206fc9113.jpg,Henderson
https://farm2.staticflickr.com/1329/5139436556_0029e620db.jpg,Henderson
https://farm1.staticflickr.com/77/193267358_8662c3f548.jpg,Henderson
https://farm8.staticflickr.com/7178/6921858399_506f5e2fd6.jpg,Henderson
https://farm9.staticflickr.com/8506/8586997075_637f291024_z.jpg,Scottsdale
https://farm4.staticflickr.com/3690/10999294583_54736b0b54.jpg,Scottsdale
https://farm3.staticflickr.com/2741/4407461053_ec2b675f41.jpg,Scottsdale
https://farm4.staticflickr.com/3009/2889632765_3b879cb82f.jpg,Scottsdale
https://farm4.staticflickr.com/3331/3307521815_8a5e87e79b.jpg,Scottsdale
https://farm4.staticflickr.com/3311/3314540599_da47f0870b.jpg,Scottsdale
https://farm8.staticflickr.com/7269/8152629432_4dee6a0769.jpg,Scottsdale
https://farm8.staticflickr.com/7012/6829970227_4f0b35de54.jpg,Scottsdale
https://farm4.staticflickr.com/3274/2961087370_4bae660566.jpg,Scottsdale
https://farm2.staticflickr.com/1385/1165212423_04397743bf.jpg,Scottsdale
https://farm8.staticflickr.com/7523/15531730220_c375927861.jpg,Scottsdale
https://farm3.staticflickr.com/2528/3700769449_b2c71c0320.jpg,North Hempstead
https://farm3.staticflickr.com/2843/9605281833_9031871036.jpg,North Hempstead
https://farm3.staticflickr.com/2806/9608513306_d4eb4db412.jpg,North Hempstead
https://farm9.staticflickr.com/8247/8544385956_6fef468f48.jpg,North Hempstead
https://farm3.staticflickr.com/2828/12255218213_c3aa0f0979.jpg,North Hempstead
https://farm6.staticflickr.com/5532/11836341773_4d234616b7.jpg,North Hempstead
https://farm3.staticflickr.com/2873/12257170695_40469a3199_h.jpg,North Hempstead
https://farm6.staticflickr.com/5517/9330344037_a4d68681ff_c.jpg,North Hempstead
https://farm6.staticflickr.com/5457/9333137474_24f4f9a779.jpg,North Hempstead
https://farm4.staticflickr.com/3772/9608507860_a4fb3c1d52_z.jpg,North Hempstead
https://farm6.staticflickr.com/5529/9605279259_80f0eb1e7a_z.jpg,North Hempstead
https://farm1.staticflickr.com/30/37269971_ad67c148f3.jpg,Madison
https://farm3.staticflickr.com/2570/3751444832_70c5b4e371.jpg,Madison
https://farm5.staticflickr.com/4098/4945289698_92f4e54b19.jpg,Madison
https://farm3.staticflickr.com/2703/4157398992_97f2c0f410.jpg,Madison
https://farm5.staticflickr.com/4140/4926127705_939a3aa234.jpg,Madison
https://farm4.staticflickr.com/3147/3082421409_b4a812989f.jpg,Madison
https://farm4.staticflickr.com/3025/2610546661_1e26c8b96f.jpg,Madison
https://farm2.staticflickr.com/1087/1166768562_e5a1777f19.jpg,Madison
https://farm3.staticflickr.com/2384/2221817846_9bd498d882_z.jpg,Madison
https://farm3.staticflickr.com/2348/1591447435_dba1f6028d.jpg,Madison
https://farm8.staticflickr.com/7505/15789960039_489bcb2940_z.jpg,Madison
https://farm9.staticflickr.com/8355/8308540612_a85b948cc5_z.jpg,Hialeah
https://farm3.staticflickr.com/2862/9094883338_3b28d8a6e8.jpg,Hialeah
https://farm8.staticflickr.com/7291/9362912763_e55c3c2bdf.jpg,Hialeah
https://farm9.staticflickr.com/8046/8357982024_449a9ec82d_z.jpg,Hialeah
https://farm6.staticflickr.com/5455/9143760288_e15e0627c6.jpg,Hialeah
https://farm9.staticflickr.com/8629/15852311021_8e576079ab.jpg,Hialeah
https://farm6.staticflickr.com/5125/5234352531_f74ff486ab.jpg,Hialeah
https://farm4.staticflickr.com/3932/15530450642_16e1100d6e.jpg,Hialeah
https://farm3.staticflickr.com/2901/14222449522_56b1964d81_z.jpg,Hialeah
https://farm8.staticflickr.com/7371/9524383876_22599707c3.jpg,Hialeah
https://farm6.staticflickr.com/5593/14245056313_70a3cdcdcd.jpg,Hialeah
https://farm3.staticflickr.com/2698/4363249795_732fecb168_z.jpg,Baton Rouge
https://farm9.staticflickr.com/8242/8560122105_2beb8d4d2f.jpg,Baton Rouge
https://farm6.staticflickr.com/5288/5337417975_05180a3e04_z.jpg,Baton Rouge
https://farm5.staticflickr.com/4090/5041666342_07d359b29a.jpg,Baton Rouge
https://farm8.staticflickr.com/7046/13569669254_8c5b34d8cf.jpg,Baton Rouge
https://farm3.staticflickr.com/2735/4388664405_fd88c6b27a.jpg,Baton Rouge
https://farm1.staticflickr.com/41/85532517_823d827d11.jpg,Baton Rouge
https://farm4.staticflickr.com/3913/14939711565_de64166fb4.jpg,Baton Rouge
https://farm4.staticflickr.com/3289/2757737372_b3337e7a93.jpg,Baton Rouge
https://farm3.staticflickr.com/2738/4432081306_526f1f8aaa.jpg,Baton Rouge
https://farm8.staticflickr.com/7117/13433938115_fd787ff6c9.jpg,Baton Rouge
https://farm8.staticflickr.com/7103/7189631410_bec8e1fd92.jpg,Chesapeake
https://farm3.staticflickr.com/2895/14352701348_23eff1cd6b_c.jpg,Chesapeake
https://farm9.staticflickr.com/8112/8595723149_b66d3d99d9.jpg,Chesapeake
https://farm9.staticflickr.com/8492/8400826994_618213cb70_z.jpg,Chesapeake
https://farm6.staticflickr.com/5161/5369095542_d72a2a3b94.jpg,Chesapeake
https://farm4.staticflickr.com/3234/2937760827_b4d16baaa8.jpg,Chesapeake
https://farm7.staticflickr.com/6186/6085499156_f1f461c250_z.jpg,Chesapeake
https://farm6.staticflickr.com/5322/9518567877_ffef3ba47f.jpg,Chesapeake
https://farm9.staticflickr.com/8118/8701410417_2b038c16a7.jpg,Chesapeake
https://farm1.staticflickr.com/61/158205115_921698deb8.jpg,Chesapeake
https://farm4.staticflickr.com/3634/3372199089_c26941ed66.jpg,Chesapeake
https://farm4.staticflickr.com/3419/3235632740_36697c5544.jpg,Orlando
https://farm4.staticflickr.com/3334/3232374984_7c3cccc4ac.jpg,Orlando
https://farm1.staticflickr.com/86/235091710_ada96711b3.jpg,Orlando
https://farm7.staticflickr.com/6189/6133062940_bfd6f410d4.jpg,Orlando
https://farm4.staticflickr.com/3379/3314107580_8ed2ed838d.jpg,Orlando
https://farm4.staticflickr.com/3457/3247512230_e38fb48305.jpg,Orlando
https://farm3.staticflickr.com/2055/2027140138_3c6e4ffc6a_z.jpg,Orlando
https://farm7.staticflickr.com/6121/5990371560_a24f6d8a5f.jpg,Orlando
https://farm3.staticflickr.com/2942/15377480025_e068e59875_z.jpg,Orlando
https://farm5.staticflickr.com/4128/4995756068_94fbcd8ca3.jpg,Orlando
https://farm4.staticflickr.com/3617/3368838527_d51a80c1af_z.jpg,Orlando
https://farm3.staticflickr.com/2092/1888317543_4ef029084b.jpg,Lubbock
https://farm4.staticflickr.com/3196/2844654414_df293facdb.jpg,Lubbock
https://farm3.staticflickr.com/2158/1903926862_9569775a15.jpg,Lubbock
https://farm6.staticflickr.com/5522/11578515396_b36a533b98.jpg,Lubbock
https://farm1.staticflickr.com/201/494092882_822f4f2498.jpg,Lubbock
https://farm3.staticflickr.com/2926/14162667439_5f52eb4f26.jpg,Lubbock
https://farm8.staticflickr.com/7419/11577967103_44378a8ac2.jpg,Lubbock
https://farm4.staticflickr.com/3880/14162742650_d6fc3c7892.jpg,Lubbock
https://farm4.staticflickr.com/3163/2844667486_41fb915093.jpg,Lubbock
https://farm6.staticflickr.com/5477/12034506194_13330568af_c.jpg,Lubbock
https://farm3.staticflickr.com/2164/2166155444_cefd2a6ec0.jpg,Lubbock
https://farm4.staticflickr.com/3441/3278913734_7765a449e5.jpg,Garland
https://farm1.staticflickr.com/120/315703691_7ab997af80.jpg,Garland
https://farm2.staticflickr.com/1097/1387592704_087ad9087d.jpg,Garland
https://farm4.staticflickr.com/3015/3111164212_7bf105cc22.jpg,Garland
https://farm4.staticflickr.com/3344/3180501626_82874dba4a.jpg,Garland
https://farm5.staticflickr.com/4036/4249335640_2bc1f213fb.jpg,Garland
https://farm2.staticflickr.com/1275/4691244775_6a8ac72575.jpg,Garland
https://farm4.staticflickr.com/3578/3391389165_f5e436edca.jpg,Garland
https://farm3.staticflickr.com/2464/3953517288_7daeb18270.jpg,Garland
https://farm4.staticflickr.com/3084/3199169946_f4d9f6a45d.jpg,Garland
https://farm4.staticflickr.com/3842/14328891386_d817d7255d.jpg,Garland
https://farm4.staticflickr.com/3563/3799778543_04b639dc43.jpg,Akron
https://farm3.staticflickr.com/2550/3829086839_a8346ee110.jpg,Akron
https://farm9.staticflickr.com/8506/8513953960_2209d8b200.jpg,Akron
https://farm4.staticflickr.com/3763/13403163464_50b0fc358a.jpg,Akron
https://farm6.staticflickr.com/5499/12362345054_c53e99b100.jpg,Akron
https://farm4.staticflickr.com/3772/10521990805_f5cb34f0e8.jpg,Akron
https://farm6.staticflickr.com/5009/5348267334_11281341e7_z.jpg,Akron
https://farm3.staticflickr.com/2172/2349672130_7165e12299.jpg,Akron
https://farm4.staticflickr.com/3856/14512943060_012e8392f3.jpg,Akron
https://farm8.staticflickr.com/7440/10129249706_1819daa1bc.jpg,Akron
https://farm8.staticflickr.com/7476/15809523842_14471838ae.jpg,Akron
https://farm3.staticflickr.com/2885/9380291708_c196db11e4.jpg,Rochester
https://farm4.staticflickr.com/3817/14302709371_385ac2231e.jpg,Rochester
https://farm3.staticflickr.com/2910/14282913916_4fa69be36b.jpg,Rochester
https://farm8.staticflickr.com/7299/9377505567_e71d4c517c.jpg,Rochester
https://farm4.staticflickr.com/3275/2466836758_6a67214bf9.jpg,Rochester
https://farm6.staticflickr.com/5344/9380292920_bd72f0304c.jpg,Rochester
https://farm8.staticflickr.com/7434/9644196159_10c624af44.jpg,Rochester
https://farm6.staticflickr.com/5481/9380294258_46404e74c2.jpg,Rochester
https://farm8.staticflickr.com/7141/14025377424_0d85030c3d.jpg,Rochester
https://farm4.staticflickr.com/3817/9380294826_cd49b3e6a3.jpg,Rochester
https://farm6.staticflickr.com/5448/9644203713_7333268b91.jpg,Rochester
https://farm4.staticflickr.com/3797/13585616784_4a6baebfe0.jpg,Chula Vista
https://farm4.staticflickr.com/3678/11943350005_e94d9f3000.jpg,Chula Vista
https://farm2.staticflickr.com/1089/1396754098_c7a767dfd3.jpg,Chula Vista
https://farm8.staticflickr.com/7256/7677573412_062afa52c4.jpg,Chula Vista
https://farm9.staticflickr.com/8038/7979643389_c575cf10b5.jpg,Chula Vista
https://farm8.staticflickr.com/7256/7733662980_8151b403b4.jpg,Chula Vista
https://farm8.staticflickr.com/7250/8167523938_aa4dc83d7e.jpg,Chula Vista
https://farm9.staticflickr.com/8529/8634910428_5805898752.jpg,Chula Vista
https://farm3.staticflickr.com/2921/14392194298_e66eaab95a.jpg,Chula Vista
https://farm3.staticflickr.com/2522/4006893576_7ac00c367f.jpg,Chula Vista
https://farm8.staticflickr.com/7066/7046221895_5d6f9afb49.jpg,Chula Vista
https://farm4.staticflickr.com/3302/3515617952_436730b8fd.jpg,Reno
https://farm1.staticflickr.com/48/172915047_f7d815c456.jpg,Reno
https://farm9.staticflickr.com/8307/7978195902_44abb03d79.jpg,Reno
https://farm4.staticflickr.com/3946/15547717799_daa65396ce.jpg,Reno
https://farm9.staticflickr.com/8455/7960255708_0770405ebc.jpg,Reno
https://farm4.staticflickr.com/3694/11803529305_c9e0470069.jpg,Reno
https://farm9.staticflickr.com/8524/8464354675_7db5f6edef.jpg,Reno
https://farm8.staticflickr.com/7497/15738107502_cbb4b18bb4.jpg,Reno
https://farm4.staticflickr.com/3617/3341467232_966e1aa893.jpg,Reno
https://farm7.staticflickr.com/6066/6108609986_dcc47c6840.jpg,Reno
https://farm8.staticflickr.com/7073/7256174964_8b7cee6aa2.jpg,Reno
https://farm4.staticflickr.com/3525/3705143320_fe7927c9e0_z.jpg?zz=1,Laredo
https://farm6.staticflickr.com/5022/5804035021_11f684e181.jpg,Laredo
https://farm9.staticflickr.com/8488/8263041225_056bf1d901.jpg,Laredo
https://farm8.staticflickr.com/7296/8881962682_b1a281b963_h.jpg,Laredo
https://farm4.staticflickr.com/3150/2718235235_7fde6dec93.jpg,Laredo
https://farm4.staticflickr.com/3829/11999104173_810ce0022f.jpg,Laredo
https://farm3.staticflickr.com/2041/13042870435_b3f39c2457.jpg,Laredo
https://farm9.staticflickr.com/8540/8681436420_51b70f5ebe.jpg,Laredo
https://farm8.staticflickr.com/7352/8934550584_837662d3e9.jpg,Laredo
https://farm5.staticflickr.com/4149/4953878826_2f008a9902.jpg,Laredo
https://farm4.staticflickr.com/3613/3678720837_0bc14fa06b.jpg,Laredo
https://farm8.staticflickr.com/7542/15660479709_0eff9ed576.jpg,Durham
https://farm6.staticflickr.com/5473/10845971656_f3fce5b064.jpg,Durham
https://farm2.staticflickr.com/1127/1474757073_e456a34bd1.jpg,Durham
https://farm9.staticflickr.com/8541/8689919620_776f09b83a.jpg,Durham
https://farm8.staticflickr.com/7411/12265169536_c3fc19b88b.jpg,Durham
https://farm9.staticflickr.com/8086/8385516128_d3f6244f60.jpg,Durham
https://farm1.staticflickr.com/185/384223784_d4b07d1217.jpg,Durham
https://farm4.staticflickr.com/3165/3308433217_915b2645ff.jpg,Durham
https://farm9.staticflickr.com/8190/8090652058_6bf45c30b2_z.jpg,Durham
https://farm3.staticflickr.com/2211/1535660501_a12891d7ec.jpg,Durham
https://farm4.staticflickr.com/3565/5713691500_ce98141ca3.jpg,Durham
https://farm3.staticflickr.com/2317/2418926510_ddb4df390a.jpg,Modesto
https://farm8.staticflickr.com/7512/15799038262_547d2c7bec_z.jpg,Modesto
https://farm8.staticflickr.com/7474/15800517942_8e302dcea7_z.jpg,Modesto
https://farm3.staticflickr.com/2697/13200927663_34cfb864e6.jpg,Modesto
https://farm4.staticflickr.com/3536/3881030836_faf1f9279b.jpg,Modesto
https://farm9.staticflickr.com/8171/8070299671_cb4f38967f_z.jpg,Modesto
https://farm4.staticflickr.com/3631/3306319037_5ecefb82a4_z.jpg,Modesto
https://farm4.staticflickr.com/3899/14842819584_e60d655459.jpg,Modesto
https://farm3.staticflickr.com/2711/4307213469_e0a1e55be7_z.jpg,Modesto
https://farm4.staticflickr.com/3791/12064142134_35f5773e30.jpg,Modesto
https://farm3.staticflickr.com/2562/3878040343_5684d552cf.jpg,Modesto
https://farm4.staticflickr.com/3016/5747615307_8fca013169.jpg,Huntington
https://farm1.staticflickr.com/163/435945000_16bd970799.jpg,Huntington
https://farm4.staticflickr.com/3614/3337618978_669cbf27bc_z.jpg,Huntington
https://farm6.staticflickr.com/5171/5529263602_722480e19f.jpg,Huntington
https://farm8.staticflickr.com/7243/7140886755_615af49fbf.jpg,Huntington
https://farm4.staticflickr.com/3433/3884931342_8504d550d1.jpg,Huntington
https://farm4.staticflickr.com/3051/5848046090_3e248ed732.jpg,Huntington
https://farm7.staticflickr.com/6145/6039494214_a762795312.jpg,Huntington
https://farm9.staticflickr.com/8456/8036257787_ddf1c32140.jpg,Huntington
https://farm3.staticflickr.com/2906/13898954229_7c8012a136.jpg,Huntington
https://farm7.staticflickr.com/6183/6095230893_5f8d40c040.jpg,Huntington
https://farm6.staticflickr.com/5591/14743220930_3cd40e4e18.jpg,Montgomery
https://farm6.staticflickr.com/5495/14230289064_bfd666e6b7.jpg,Montgomery
https://farm1.staticflickr.com/36/76244945_8ad2324d63.jpg,Montgomery
https://farm4.staticflickr.com/3925/14743220460_66ae791db0.jpg,Montgomery
https://farm4.staticflickr.com/3711/13294480575_55595006a0.jpg,Montgomery
https://farm8.staticflickr.com/7114/6986993468_d6e89090c6.jpg,Montgomery
https://farm8.staticflickr.com/7455/13271772645_bc4fb715f7.jpg,Montgomery
https://farm8.staticflickr.com/7183/13294863114_f810560fdf.jpg,Montgomery
https://farm6.staticflickr.com/5582/14734082220_0b035fae8f.jpg,Montgomery
https://farm3.staticflickr.com/2871/13252220443_9100251e2a.jpg,Montgomery
https://farm3.staticflickr.com/2936/13855444594_ed1fd4e86f.jpg,Montgomery
https://farm3.staticflickr.com/2773/4179978947_a66ba25e48.jpg,Boise
https://farm9.staticflickr.com/8046/8359021469_0aeea078f9.jpg,Boise
https://farm6.staticflickr.com/5036/13975211393_5515f50faa.jpg,Boise
https://farm9.staticflickr.com/8484/8270986444_297c373f70.jpg,Boise
https://farm6.staticflickr.com/5281/5297527172_5b69a4533d.jpg,Boise
https://farm4.staticflickr.com/3611/5825448035_29b3ab57cb.jpg,Boise
https://farm9.staticflickr.com/8239/8478497156_2c7777b715.jpg,Boise
https://farm9.staticflickr.com/8227/8422660094_f06aa9e3e0.jpg,Boise
https://farm5.staticflickr.com/4149/5013802001_60140381c4.jpg,Boise
https://farm7.staticflickr.com/6019/6294690283_e3041e21b9_z.jpg,Boise
https://farm4.staticflickr.com/3941/15580783358_927475ae48_z.jpg,Boise
https://farm9.staticflickr.com/8042/7904095110_855b9f3411.jpg,Arlington
https://farm8.staticflickr.com/7426/13000596185_68259c58d8.jpg,Arlington
https://farm6.staticflickr.com/5572/14975150582_55385d7c67.jpg,Arlington
https://farm3.staticflickr.com/2838/8846842604_92d2032089.jpg,Arlington
https://farm6.staticflickr.com/5343/6924381754_db99f9405b.jpg,Arlington
https://farm3.staticflickr.com/2896/14084704828_b11a73dee3_z.jpg,Arlington
https://farm9.staticflickr.com/8192/8139536876_b593a1c785.jpg,Arlington
https://farm8.staticflickr.com/7091/7164836319_fb2e4408b8.jpg,Arlington
https://farm4.staticflickr.com/3178/3021552032_192d51145d.jpg,Arlington
https://farm3.staticflickr.com/2654/4103488987_b38c30a05d.jpg,Arlington
https://farm5.staticflickr.com/4144/5028495226_6d95d6f678.jpg,Arlington
